time,open,close,high,low,vol,day,open-percent,close-percent
2026-06-26,1.203,1.192,1.208,1.191,940750.0,星期五,-0.0008,-0.0091
2026-06-25,1.213,1.204,1.217,1.2,632090.0,星期四,0.0025,-0.0074
2026-06-24,1.236,1.21,1.236,1.21,756306.0,星期三,0.0016,-0.021
2026-06-23,1.235,1.234,1.253,1.231,744404.0,星期二,-0.0016,-0.0008
2026-06-22,1.227,1.237,1.239,1.212,1231285.0,星期一,-0.0008,0.0081
2026-06-18,1.252,1.228,1.253,1.226,1822270.0,星期四,-0.0008,-0.0192
2026-06-17,1.264,1.253,1.265,1.248,787710.0,星期三,0.0008,-0.0087
2026-06-16,1.279,1.263,1.28,1.261,841727.0,星期二,-0.0008,-0.0125
2026-06-15,1.291,1.28,1.292,1.274,624200.0,星期一,-0.0008,-0.0085
2026-06-12,1.279,1.292,1.292,1.273,774851.0,星期五,-0.0031,0.0102
2026-06-11,1.284,1.283,1.288,1.278,776319.0,星期四,-0.0008,-0.0008
2026-06-10,1.281,1.285,1.287,1.273,737470.0,星期三,0.0016,0.0031
2026-06-09,1.282,1.279,1.287,1.275,627477.0,星期二,-0.0039,-0.0023
2026-06-08,1.279,1.287,1.29,1.276,806379.0,星期一,-0.0031,0.0063
2026-06-05,1.281,1.283,1.297,1.28,745131.0,星期五,-0.0008,0.0016
2026-06-04,1.29,1.282,1.295,1.279,766146.0,星期四,-0.0054,-0.0062
2026-06-03,1.3,1.297,1.3,1.283,773819.0,星期三,0.0008,-0.0023
2026-06-02,1.301,1.299,1.313,1.294,757440.0,星期二,0.0,-0.0015
2026-06-01,1.288,1.301,1.301,1.281,847867.0,星期一,0.0,0.0101
2026-05-29,1.267,1.288,1.29,1.262,931075.0,星期五,0.0,0.0166
2026-05-28,1.272,1.267,1.277,1.265,785266.0,星期四,-0.0008,-0.0039
2026-05-27,1.275,1.273,1.277,1.263,1071874.0,星期三,-0.0016,-0.0016
2026-05-26,1.272,1.277,1.279,1.272,731846.0,星期二,-0.0031,0.0039
2026-05-25,1.281,1.276,1.288,1.274,873952.0,星期一,0.0008,-0.0039
2026-05-22,1.288,1.28,1.288,1.275,765080.0,星期五,0.0,-0.0062
2026-05-21,1.297,1.288,1.298,1.286,824196.0,星期四,-0.0008,-0.0069
2026-05-20,1.308,1.298,1.308,1.297,781540.0,星期三,0.0,-0.0076
2026-05-19,1.298,1.308,1.31,1.298,792616.0,星期二,-0.0008,0.0077
2026-05-18,1.306,1.299,1.307,1.295,597552.0,星期一,0.0,-0.0054
2026-05-15,1.311,1.306,1.312,1.3,769999.0,星期五,0.0031,-0.0038
2026-05-14,1.309,1.307,1.315,1.307,859146.0,星期四,-0.0015,-0.0015
2026-05-13,1.312,1.311,1.316,1.306,1630384.0,星期三,-0.0015,-0.0008
2026-05-12,1.313,1.314,1.319,1.311,636565.0,星期二,0.0,0.0008
2026-05-11,1.309,1.313,1.315,1.304,618469.0,星期一,0.0,0.0031
2026-05-08,1.313,1.309,1.315,1.307,566643.0,星期五,0.0015,-0.003
2026-05-07,1.322,1.311,1.322,1.308,811310.0,星期四,-0.0008,-0.0083
2026-05-06,1.332,1.323,1.332,1.313,791790.0,星期三,-0.0008,-0.0068
2026-04-30,1.336,1.333,1.339,1.33,642424.0,星期四,0.0007,-0.0022
2026-04-29,1.332,1.335,1.339,1.329,706683.0,星期三,0.0,0.0023
2026-04-28,1.318,1.332,1.334,1.317,668840.0,星期二,-0.0008,0.0106
2026-04-27,1.323,1.319,1.328,1.318,628305.0,星期一,-0.0023,-0.003
2026-04-24,1.327,1.326,1.329,1.321,658310.0,星期五,0.0,-0.0008
2026-04-23,1.317,1.327,1.327,1.315,758263.0,星期四,0.0,0.0076
2026-04-22,1.324,1.317,1.324,1.315,473898.0,星期三,0.0008,-0.0053
2026-04-21,1.312,1.323,1.325,1.312,1009985.0,星期二,-0.0008,0.0084
2026-04-20,1.308,1.313,1.313,1.307,442251.0,星期一,-0.0008,0.0038
2026-04-17,1.317,1.309,1.317,1.307,723300.0,星期五,-0.0008,-0.0061
2026-04-16,1.318,1.318,1.321,1.314,525928.0,星期四,-0.0008,0.0
2026-04-15,1.316,1.319,1.32,1.31,507967.0,星期三,0.0,0.0023
2026-04-14,1.311,1.316,1.316,1.309,662870.0,星期二,-0.0008,0.0038
2026-04-13,1.313,1.312,1.314,1.306,699834.0,星期一,-0.0008,-0.0008
2026-04-10,1.316,1.314,1.316,1.312,631155.0,星期五,0.0,-0.0015
2026-04-09,1.319,1.316,1.323,1.314,765078.0,星期四,-0.003,-0.0023
2026-04-08,1.324,1.323,1.324,1.31,1780689.0,星期三,0.0,-0.0008
2026-04-07,1.327,1.324,1.327,1.317,923168.0,星期二,0.0015,-0.0023
2026-04-03,1.338,1.325,1.34,1.321,589015.0,星期五,-0.0022,-0.0097
2026-04-02,1.337,1.341,1.342,1.333,993758.0,星期四,0.003,0.003
2026-04-01,1.34,1.333,1.344,1.33,1666809.0,星期三,0.0007,-0.0052
2026-03-31,1.342,1.339,1.354,1.337,1481535.0,星期二,0.0,-0.0022
2026-03-30,1.337,1.342,1.344,1.331,682719.0,星期一,0.0,0.0037
2026-03-27,1.334,1.337,1.344,1.331,847314.0,星期五,-0.0037,0.0022
2026-03-26,1.335,1.339,1.347,1.334,957903.0,星期四,-0.003,0.003
2026-03-25,1.333,1.339,1.34,1.319,1056294.0,星期三,0.0008,0.0045
2026-03-24,1.325,1.332,1.333,1.317,975524.0,星期二,0.0023,0.0053
2026-03-23,1.35,1.322,1.35,1.316,1231616.0,星期一,-0.0007,-0.0207
2026-03-20,1.356,1.351,1.362,1.35,892934.0,星期五,-0.0022,-0.0037
2026-03-19,1.359,1.359,1.367,1.356,4084169.0,星期四,0.003,0.0
2026-03-18,1.364,1.355,1.364,1.346,2961783.0,星期三,0.0,-0.0066
2026-03-17,1.365,1.364,1.371,1.361,799914.0,星期二,0.0,-0.0007
2026-03-16,1.369,1.365,1.375,1.362,935472.0,星期一,-0.0007,-0.0029
2026-03-13,1.375,1.37,1.378,1.366,903918.0,星期五,0.0,-0.0036
2026-03-12,1.363,1.375,1.376,1.361,958014.0,星期四,-0.0007,0.0088
2026-03-11,1.345,1.364,1.364,1.334,833995.0,星期三,0.0007,0.0141
2026-03-10,1.336,1.344,1.348,1.331,801776.0,星期二,-0.0118,0.006
2026-03-09,1.352,1.352,1.37,1.351,5510189.0,星期一,0.006,0.0
2026-03-06,1.338,1.344,1.345,1.333,773470.0,星期五,-0.0015,0.0045
2026-03-05,1.334,1.34,1.347,1.327,1579151.0,星期四,-0.003,0.0045
2026-03-04,1.357,1.338,1.357,1.32,1660841.0,星期三,0.0,-0.014
2026-03-03,1.333,1.357,1.369,1.331,2035833.0,星期二,-0.0007,0.018
2026-03-02,1.31,1.334,1.341,1.308,1765282.0,星期一,0.0023,0.0183
2026-02-27,1.299,1.307,1.309,1.299,705024.0,星期五,-0.0015,0.0062
2026-02-26,1.304,1.301,1.309,1.297,609906.0,星期四,0.0,-0.0023
2026-02-25,1.31,1.304,1.32,1.303,866932.0,星期三,0.0008,-0.0046
2026-02-24,1.295,1.309,1.31,1.295,630644.0,星期二,0.0031,0.0108
2026-02-13,1.306,1.291,1.306,1.289,774784.0,星期五,0.0,-0.0115
2026-02-12,1.313,1.306,1.313,1.303,571840.0,星期四,-0.0008,-0.0053
2026-02-11,1.309,1.314,1.315,1.303,1097346.0,星期三,0.0008,0.0038
2026-02-10,1.306,1.308,1.31,1.304,615882.0,星期二,0.0,0.0015
2026-02-09,1.298,1.306,1.307,1.298,984232.0,星期一,-0.0015,0.0062
2026-02-06,1.303,1.3,1.305,1.293,1050033.0,星期五,-0.0008,-0.0023
2026-02-05,1.297,1.304,1.306,1.292,960387.0,星期四,0.0015,0.0054
2026-02-04,1.275,1.295,1.297,1.274,880000.0,星期三,0.0008,0.0157
2026-02-03,1.277,1.274,1.278,1.266,771280.0,星期二,0.0008,-0.0023
2026-02-02,1.288,1.276,1.294,1.274,1113068.0,星期一,0.0,-0.0093
2026-01-30,1.297,1.288,1.305,1.285,1241916.0,星期五,0.0,-0.0069
2026-01-29,1.278,1.297,1.299,1.271,1014386.0,星期四,-0.0016,0.0149
2026-01-28,1.277,1.28,1.29,1.272,1215813.0,星期三,0.0,0.0023
2026-01-27,1.283,1.277,1.287,1.272,941160.0,星期二,-0.0008,-0.0047
2026-01-26,1.264,1.284,1.289,1.262,1111295.0,星期一,0.0,0.0158
2026-01-23,1.281,1.264,1.281,1.263,1306940.0,星期五,0.0016,-0.0133
2026-01-22,1.275,1.279,1.289,1.274,926854.0,星期四,0.0,0.0031
2026-01-21,1.288,1.275,1.288,1.272,1141503.0,星期三,-0.0008,-0.0101
2026-01-20,1.269,1.289,1.294,1.266,1445472.0,星期二,0.0008,0.0158
2026-01-19,1.268,1.268,1.271,1.263,715442.0,星期一,-0.0008,0.0
2026-01-16,1.279,1.269,1.282,1.262,975851.0,星期五,0.0,-0.0078
2026-01-15,1.283,1.279,1.287,1.277,976324.0,星期四,-0.0008,-0.0031
2026-01-14,1.297,1.284,1.298,1.283,1563822.0,星期三,0.0,-0.01
2026-01-13,1.293,1.297,1.302,1.292,601771.0,星期二,0.0,0.0031
2026-01-12,1.293,1.293,1.294,1.288,387085.0,星期一,0.0,0.0
2026-01-09,1.294,1.293,1.299,1.29,1000347.0,星期五,0.0,-0.0008
2026-01-08,1.298,1.294,1.299,1.29,938362.0,星期四,0.0,-0.0031
2026-01-07,1.303,1.298,1.304,1.295,927004.0,星期三,-0.0008,-0.0038
2026-01-06,1.296,1.304,1.304,1.291,1672782.0,星期二,0.0,0.0062
2026-01-05,1.297,1.296,1.3,1.291,1402022.0,星期一,0.0,-0.0008
2025-12-31,1.297,1.297,1.301,1.295,1123096.0,星期三,-0.0015,0.0
2025-12-30,1.296,1.299,1.299,1.291,692686.0,星期二,-0.0023,0.0023
2025-12-29,1.295,1.299,1.304,1.292,889962.0,星期一,-0.0008,0.0031
2025-12-26,1.3,1.296,1.3,1.294,751576.0,星期五,0.0008,-0.0031
2025-12-25,1.291,1.299,1.301,1.291,817948.0,星期四,-0.0039,0.0062
2025-12-24,1.297,1.296,1.299,1.291,745543.0,星期三,-0.0008,-0.0008
2025-12-23,1.295,1.298,1.304,1.295,855208.0,星期二,-0.0015,0.0023
2025-12-22,1.302,1.297,1.303,1.295,692543.0,星期一,-0.0008,-0.0038
2025-12-19,1.303,1.303,1.306,1.299,1143286.0,星期五,-0.0031,0.0
2025-12-18,1.294,1.307,1.308,1.292,866928.0,星期四,0.0,0.01
2025-12-17,1.292,1.294,1.299,1.284,841443.0,星期三,0.0,0.0015
2025-12-16,1.297,1.292,1.299,1.287,939590.0,星期二,0.0,-0.0039
2025-12-15,1.293,1.297,1.301,1.289,642218.0,星期一,-0.0175,0.0031
2025-12-12,1.322,1.316,1.322,1.312,848719.0,星期五,0.0023,-0.0045
2025-12-11,1.321,1.319,1.324,1.316,688898.0,星期四,0.0008,-0.0015
2025-12-10,1.324,1.32,1.324,1.313,798723.0,星期三,0.0,-0.003
2025-12-09,1.331,1.324,1.334,1.322,959736.0,星期二,-0.0015,-0.0053
2025-12-08,1.339,1.333,1.342,1.332,914888.0,星期一,-0.0007,-0.0045
2025-12-05,1.343,1.34,1.347,1.335,852428.0,星期五,-0.0007,-0.0022
2025-12-04,1.353,1.344,1.353,1.342,781800.0,星期四,0.0015,-0.0067
2025-12-03,1.35,1.351,1.357,1.347,805966.0,星期三,-0.0007,0.0007
2025-12-02,1.345,1.351,1.351,1.345,775295.0,星期二,0.0,0.0045
2025-12-01,1.34,1.345,1.346,1.336,876072.0,星期一,0.0,0.0037
2025-11-28,1.346,1.34,1.346,1.337,692676.0,星期五,0.0015,-0.0045
2025-11-27,1.339,1.344,1.349,1.335,714757.0,星期四,-0.0015,0.0037
2025-11-26,1.346,1.341,1.352,1.339,815347.0,星期三,0.0,-0.0037
2025-11-25,1.344,1.346,1.347,1.336,874564.0,星期二,0.0007,0.0015
2025-11-24,1.35,1.343,1.352,1.34,1257111.0,星期一,0.0022,-0.0052
2025-11-21,1.358,1.347,1.361,1.346,986030.0,星期五,-0.0015,-0.0081
2025-11-20,1.354,1.36,1.372,1.35,1711484.0,星期四,0.0007,0.0044
2025-11-19,1.345,1.353,1.357,1.345,730155.0,星期三,0.0,0.0059
2025-11-18,1.355,1.345,1.355,1.344,776579.0,星期二,0.0007,-0.0074
2025-11-17,1.36,1.354,1.363,1.349,1008067.0,星期一,-0.0037,-0.0044
2025-11-14,1.366,1.365,1.374,1.362,1202369.0,星期五,0.0,-0.0007
2025-11-13,1.372,1.366,1.374,1.356,957155.0,星期四,0.0,-0.0044
2025-11-12,1.366,1.372,1.378,1.366,864260.0,星期三,-0.0007,0.0044
2025-11-11,1.368,1.367,1.368,1.361,1139822.0,星期二,0.0015,-0.0007
2025-11-10,1.357,1.366,1.367,1.353,1200026.0,星期一,-0.0007,0.0066
2025-11-07,1.353,1.358,1.362,1.353,976838.0,星期五,-0.0007,0.0037
2025-11-06,1.353,1.354,1.36,1.346,875558.0,星期四,0.0015,0.0007
2025-11-05,1.351,1.351,1.355,1.344,760838.0,星期三,0.0,0.0
2025-11-04,1.345,1.351,1.357,1.343,954554.0,星期二,-0.0007,0.0045
2025-11-03,1.338,1.346,1.346,1.334,806540.0,星期一,0.0007,0.006
2025-10-31,1.344,1.337,1.344,1.332,832166.0,星期五,0.0,-0.0052
2025-10-30,1.338,1.344,1.353,1.338,896410.0,星期四,-0.0007,0.0045
2025-10-29,1.347,1.339,1.347,1.334,1661212.0,星期三,-0.0007,-0.0059
2025-10-28,1.352,1.348,1.358,1.344,830988.0,星期二,-0.0029,-0.003
2025-10-27,1.348,1.356,1.359,1.34,869246.0,星期一,0.0,0.0059
2025-10-24,1.352,1.348,1.354,1.347,806706.0,星期五,0.0,-0.003
2025-10-23,1.343,1.352,1.354,1.343,733194.0,星期四,-0.0007,0.0067
2025-10-22,1.335,1.344,1.346,1.334,1100724.0,星期三,-0.0007,0.0067
2025-10-21,1.334,1.336,1.342,1.332,1311228.0,星期二,-0.003,0.0015
2025-10-20,1.337,1.338,1.341,1.324,1389072.0,星期一,0.0015,0.0007
2025-10-17,1.343,1.335,1.353,1.334,1358569.0,星期五,0.0,-0.006
2025-10-16,1.334,1.343,1.346,1.333,1918642.0,星期四,-0.0015,0.0067
2025-10-15,1.331,1.336,1.337,1.328,932100.0,星期三,0.0,0.0038
2025-10-14,1.317,1.331,1.333,1.309,1154498.0,星期二,0.0,0.0106
2025-10-13,1.304,1.317,1.319,1.295,904111.0,星期一,-0.0061,0.01
2025-10-10,1.303,1.312,1.32,1.303,1254948.0,星期五,-0.0031,0.0069
2025-10-09,1.298,1.307,1.308,1.292,1154820.0,星期四,0.0,0.0069
2025-09-30,1.296,1.298,1.301,1.294,663125.0,星期二,-0.0046,0.0015
2025-09-29,1.306,1.302,1.31,1.294,1130696.0,星期一,0.0008,-0.0031
2025-09-26,1.296,1.305,1.307,1.292,839352.0,星期五,-0.0023,0.0069
2025-09-25,1.308,1.299,1.308,1.296,739360.0,星期四,-0.0008,-0.0069
2025-09-24,1.304,1.309,1.315,1.303,949712.0,星期三,-0.0023,0.0038
2025-09-23,1.299,1.307,1.31,1.29,970680.0,星期二,0.0,0.0062
2025-09-22,1.31,1.299,1.31,1.295,670662.0,星期一,0.0,-0.0084
2025-09-19,1.307,1.31,1.312,1.298,1148777.0,星期五,-0.0015,0.0023
2025-09-18,1.336,1.309,1.336,1.302,1145874.0,星期四,-0.0104,-0.0202
2025-09-17,1.35,1.35,1.353,1.344,786831.0,星期三,0.0015,0.0
2025-09-16,1.354,1.348,1.361,1.345,1062910.0,星期二,-0.0015,-0.0044
2025-09-15,1.366,1.356,1.366,1.354,1059325.0,星期一,0.0022,-0.0073
2025-09-12,1.372,1.363,1.378,1.36,1302591.0,星期五,-0.0036,-0.0066
2025-09-11,1.371,1.377,1.378,1.364,1242320.0,星期四,0.0,0.0044
2025-09-10,1.374,1.371,1.375,1.366,658031.0,星期三,0.0,-0.0022
2025-09-09,1.372,1.374,1.375,1.368,735552.0,星期二,0.0015,0.0015
2025-09-08,1.368,1.37,1.375,1.364,564605.0,星期一,0.0007,0.0015
2025-09-05,1.369,1.367,1.369,1.361,489795.0,星期五,-0.0007,-0.0015
2025-09-04,1.366,1.37,1.374,1.354,876266.0,星期四,-0.0022,0.0029
2025-09-03,1.378,1.369,1.383,1.365,949660.0,星期三,0.0,-0.0065
2025-09-02,1.366,1.378,1.38,1.362,1186921.0,星期二,0.0,0.0088
2025-09-01,1.372,1.366,1.38,1.362,1079572.0,星期一,0.0,-0.0044
2025-08-29,1.375,1.372,1.392,1.371,927398.0,星期五,-0.0022,-0.0022
2025-08-28,1.379,1.378,1.383,1.367,932412.0,星期四,0.0,-0.0007
2025-08-27,1.4,1.379,1.4,1.377,956772.0,星期三,0.0,-0.015
2025-08-26,1.402,1.4,1.404,1.398,1008108.0,星期二,-0.0021,-0.0014
2025-08-25,1.392,1.405,1.406,1.39,1028636.0,星期一,0.0007,0.0093
2025-08-22,1.392,1.391,1.395,1.381,1124035.0,星期五,-0.0022,-0.0007
2025-08-21,1.387,1.395,1.396,1.383,815482.0,星期四,0.0007,0.0058
2025-08-20,1.375,1.386,1.387,1.37,1125031.0,星期三,0.0,0.008
2025-08-19,1.382,1.375,1.383,1.371,1718415.0,星期二,0.0007,-0.0051
2025-08-18,1.38,1.381,1.385,1.375,654079.0,星期一,0.0,0.0007
2025-08-15,1.384,1.38,1.385,1.371,1705372.0,星期五,-0.0014,-0.0029
2025-08-14,1.39,1.386,1.395,1.385,1279780.0,星期四,0.0007,-0.0029
2025-08-13,1.395,1.389,1.398,1.386,951172.0,星期三,-0.0007,-0.0043
2025-08-12,1.393,1.396,1.401,1.391,903810.0,星期二,0.0,0.0022
2025-08-11,1.403,1.393,1.403,1.391,1817927.0,星期一,0.0,-0.0071
2025-08-08,1.398,1.403,1.405,1.396,700260.0,星期五,-0.0007,0.0036
2025-08-07,1.395,1.399,1.399,1.39,930972.0,星期四,0.0,0.0029
2025-08-06,1.395,1.395,1.399,1.391,728375.0,星期三,0.0,0.0
2025-08-05,1.385,1.395,1.398,1.381,1071482.0,星期二,0.0007,0.0072
2025-08-04,1.374,1.384,1.385,1.374,981043.0,星期一,-0.0036,0.0073
2025-08-01,1.379,1.379,1.385,1.374,752898.0,星期五,-0.0022,0.0
2025-07-31,1.399,1.382,1.399,1.376,1113699.0,星期四,-0.0007,-0.0122
2025-07-30,1.39,1.4,1.407,1.389,997072.0,星期三,-0.0007,0.0072
2025-07-29,1.394,1.391,1.398,1.387,1224331.0,星期二,-0.0029,-0.0022
2025-07-28,1.398,1.398,1.404,1.394,895828.0,星期一,-0.0021,0.0
2025-07-25,1.413,1.401,1.415,1.4,915358.0,星期五,0.0,-0.0085
2025-07-24,1.422,1.413,1.424,1.41,1254415.0,星期四,0.0007,-0.0063
2025-07-23,1.427,1.421,1.433,1.418,1111874.0,星期三,0.0007,-0.0042
2025-07-22,1.416,1.426,1.426,1.409,906934.0,星期二,0.0007,0.0071
2025-07-21,1.41,1.415,1.416,1.408,773219.0,星期一,0.0007,0.0035
2025-07-18,1.403,1.409,1.409,1.4,719271.0,星期五,0.0014,0.0043
2025-07-17,1.402,1.401,1.406,1.397,771598.0,星期四,-0.0007,-0.0007
2025-07-16,1.406,1.403,1.41,1.397,1002424.0,星期三,-0.0014,-0.0021
2025-07-15,1.419,1.408,1.419,1.403,1214535.0,星期二,0.0014,-0.0078
2025-07-14,1.408,1.417,1.424,1.408,802431.0,星期一,0.0,0.0064
2025-07-11,1.417,1.408,1.426,1.408,980601.0,星期五,0.0,-0.0064
2025-07-10,1.41,1.417,1.423,1.41,889179.0,星期四,-0.0007,0.005
2025-07-09,1.406,1.411,1.416,1.404,1999952.0,星期三,0.0007,0.0036
2025-07-08,1.409,1.405,1.412,1.4,992284.0,星期二,-0.0014,-0.0028
2025-07-07,1.408,1.411,1.411,1.402,780544.0,星期一,0.0007,0.0021
2025-07-04,1.394,1.407,1.413,1.393,853362.0,星期五,0.0,0.0093
2025-07-03,1.396,1.394,1.397,1.389,920144.0,星期四,0.0,-0.0014
2025-07-02,1.388,1.396,1.398,1.388,765336.0,星期三,0.0,0.0058
2025-07-01,1.379,1.388,1.388,1.377,739550.0,星期二,0.0007,0.0065
2025-06-30,1.378,1.378,1.38,1.371,741104.0,星期一,0.0,0.0
2025-06-27,1.396,1.378,1.399,1.375,1029984.0,星期五,-0.0007,-0.0129
2025-06-26,1.391,1.397,1.398,1.389,861743.0,星期四,-0.0014,0.0043
2025-06-25,1.386,1.393,1.395,1.379,916774.0,星期三,-0.0007,0.0051
2025-06-24,1.378,1.387,1.388,1.377,802512.0,星期二,-0.0022,0.0065
2025-06-23,1.378,1.381,1.384,1.366,754683.0,星期一,-0.0007,0.0022
2025-06-20,1.37,1.379,1.381,1.37,691132.0,星期五,-0.0022,0.0066
2025-06-19,1.374,1.373,1.376,1.366,775154.0,星期四,-0.0015,-0.0007
2025-06-18,1.37,1.376,1.377,1.368,774900.0,星期三,-0.0007,0.0044
2025-06-17,1.371,1.371,1.374,1.366,861624.0,星期二,-0.0165,0.0
2025-06-16,1.39,1.394,1.396,1.388,1085107.0,星期一,-0.0029,0.0029
2025-06-13,1.399,1.394,1.401,1.389,4100906.0,星期五,0.0,-0.0036
2025-06-12,1.398,1.399,1.4,1.391,681474.0,星期四,-0.0007,0.0007
2025-06-11,1.393,1.399,1.4,1.392,679748.0,星期三,0.0,0.0043
2025-06-10,1.394,1.393,1.403,1.388,801747.0,星期二,0.0,-0.0007
2025-06-09,1.393,1.394,1.396,1.388,712880.0,星期一,-0.0007,0.0007
2025-06-06,1.392,1.394,1.395,1.39,572862.0,星期五,0.0014,0.0014
2025-06-05,1.395,1.39,1.4,1.389,1971053.0,星期四,0.0,-0.0036
2025-06-04,1.396,1.395,1.399,1.393,874788.0,星期三,0.0,-0.0007
2025-06-03,1.394,1.396,1.399,1.388,659208.0,星期二,-0.0043,0.0014
2025-05-30,1.392,1.4,1.402,1.39,897070.0,星期五,-0.0007,0.0057
2025-05-29,1.39,1.393,1.395,1.39,1818959.0,星期四,-0.0029,0.0022
2025-05-28,1.398,1.394,1.398,1.39,625799.0,星期三,0.0043,-0.0029
2025-05-27,1.393,1.392,1.399,1.39,524859.0,星期二,0.0022,-0.0007
2025-05-26,1.4,1.39,1.402,1.387,686758.0,星期一,0.0,-0.0071
2025-05-23,1.409,1.4,1.417,1.399,805378.0,星期五,-0.0014,-0.0064
2025-05-22,1.4,1.411,1.411,1.399,718752.0,星期四,-0.0021,0.0079
2025-05-21,1.397,1.403,1.409,1.397,836195.0,星期三,0.0,0.0043
2025-05-20,1.39,1.397,1.4,1.39,743724.0,星期二,0.0,0.005
2025-05-19,1.39,1.39,1.393,1.387,824114.0,星期一,0.0007,0.0
2025-05-16,1.396,1.389,1.397,1.38,708828.0,星期五,-0.0007,-0.005
2025-05-15,1.399,1.397,1.404,1.394,797538.0,星期四,0.0007,-0.0014
2025-05-14,1.39,1.398,1.399,1.384,777332.0,星期三,0.0,0.0058
2025-05-13,1.38,1.39,1.39,1.378,674675.0,星期二,0.0,0.0072
2025-05-12,1.377,1.38,1.385,1.374,828499.0,星期一,0.0,0.0022
2025-05-09,1.369,1.377,1.38,1.369,770636.0,星期五,0.0,0.0058
2025-05-08,1.363,1.369,1.372,1.36,1068317.0,星期四,-0.0007,0.0044
2025-05-07,1.359,1.364,1.366,1.356,800358.0,星期三,0.003,0.0037
2025-05-06,1.352,1.355,1.355,1.346,660318.0,星期二,-0.0007,0.0022
2025-04-30,1.366,1.353,1.366,1.351,675674.0,星期三,0.0007,-0.0095
2025-04-29,1.369,1.365,1.369,1.362,402066.0,星期二,0.0,-0.0029
2025-04-28,1.36,1.369,1.373,1.358,522841.0,星期一,0.0,0.0066
2025-04-25,1.362,1.36,1.366,1.356,461345.0,星期五,0.0,-0.0015
2025-04-24,1.354,1.362,1.364,1.353,495510.0,星期四,0.0007,0.0059
2025-04-23,1.361,1.353,1.362,1.352,542675.0,星期三,0.0,-0.0059
2025-04-22,1.351,1.361,1.364,1.351,514187.0,星期二,-0.003,0.0074
2025-04-21,1.366,1.355,1.368,1.355,542023.0,星期一,0.0,-0.0081
2025-04-18,1.361,1.366,1.368,1.357,666505.0,星期五,0.0,0.0037
2025-04-17,1.362,1.361,1.362,1.354,780032.0,星期四,0.0,-0.0007
2025-04-16,1.35,1.362,1.366,1.347,628846.0,星期三,-0.0015,0.0089
2025-04-15,1.34,1.352,1.353,1.339,543727.0,星期二,-0.0007,0.009
2025-04-14,1.338,1.341,1.342,1.335,575209.0,星期一,0.0,0.0022
2025-04-11,1.338,1.338,1.34,1.331,624572.0,星期五,-0.0022,0.0
2025-04-10,1.337,1.341,1.344,1.33,799008.0,星期四,0.0007,0.003
2025-04-09,1.327,1.336,1.34,1.316,668212.0,星期三,-0.0075,0.0068
2025-04-08,1.334,1.337,1.338,1.304,1522714.0,星期二,0.0152,0.0022
2025-04-07,1.34,1.314,1.34,1.272,1253772.0,星期一,-0.019,-0.0194
2025-04-03,1.359,1.366,1.367,1.351,912119.0,星期四,-0.0007,0.0052
2025-04-02,1.358,1.36,1.363,1.356,892870.0,星期三,-0.0007,0.0015
2025-04-01,1.358,1.359,1.359,1.353,596547.0,星期二,0.0,0.0007
2025-03-31,1.355,1.358,1.367,1.354,613765.0,星期一,0.0,0.0022
2025-03-28,1.356,1.355,1.358,1.35,624183.0,星期五,0.0,-0.0007
2025-03-27,1.349,1.356,1.36,1.349,674732.0,星期四,-0.0015,0.0052
2025-03-26,1.35,1.351,1.353,1.345,603048.0,星期三,-0.003,0.0007
2025-03-25,1.348,1.354,1.354,1.346,702999.0,星期二,0.0,0.0045
2025-03-24,1.341,1.348,1.348,1.34,535814.0,星期一,-0.0007,0.0052
2025-03-21,1.343,1.342,1.352,1.337,810938.0,星期五,0.0,-0.0007
2025-03-20,1.351,1.343,1.352,1.341,616864.0,星期四,0.0007,-0.0059
2025-03-19,1.348,1.35,1.352,1.344,609204.0,星期三,-0.0022,0.0015
2025-03-18,1.357,1.351,1.357,1.345,582022.0,星期二,0.0037,-0.0044
2025-03-17,1.35,1.352,1.353,1.349,529012.0,星期一,0.0,0.0015
2025-03-14,1.335,1.35,1.351,1.335,560712.0,星期五,0.0,0.0112
2025-03-13,1.334,1.335,1.339,1.331,494114.0,星期四,0.0015,0.0007
2025-03-12,1.334,1.332,1.338,1.331,491405.0,星期三,-0.0022,-0.0015
2025-03-11,1.338,1.337,1.338,1.327,842415.0,星期二,0.0015,-0.0007
2025-03-10,1.341,1.336,1.341,1.331,741543.0,星期一,0.0,-0.0037
2025-03-07,1.34,1.341,1.345,1.338,818911.0,星期五,-0.0022,0.0007
2025-03-06,1.343,1.343,1.344,1.331,1255143.0,星期四,0.0,0.0
2025-03-05,1.331,1.343,1.344,1.329,442381.0,星期三,-0.0008,0.009
2025-03-04,1.33,1.332,1.336,1.328,506328.0,星期二,-0.0015,0.0015
2025-03-03,1.333,1.332,1.339,1.328,817566.0,星期一,-0.0007,-0.0008
2025-02-28,1.342,1.334,1.348,1.332,786121.0,星期五,0.0,-0.006
2025-02-27,1.33,1.342,1.343,1.33,676350.0,星期四,-0.0008,0.009
2025-02-26,1.323,1.331,1.333,1.322,426726.0,星期三,0.0008,0.006
2025-02-25,1.335,1.322,1.335,1.32,702533.0,星期二,-0.0015,-0.0097
2025-02-24,1.344,1.337,1.345,1.335,484658.0,星期一,0.0,-0.0052
2025-02-21,1.348,1.344,1.348,1.338,862611.0,星期五,0.0022,-0.003
2025-02-20,1.352,1.345,1.352,1.343,818484.0,星期四,0.0,-0.0052
2025-02-19,1.355,1.352,1.356,1.348,611483.0,星期三,-0.0015,-0.0022
2025-02-18,1.35,1.357,1.366,1.35,1100141.0,星期二,-0.0037,0.0052
2025-02-17,1.355,1.355,1.357,1.347,648030.0,星期一,0.0,0.0
2025-02-14,1.348,1.355,1.355,1.343,633053.0,星期五,0.0,0.0052
2025-02-13,1.347,1.348,1.354,1.345,469333.0,星期四,0.0,0.0007
2025-02-12,1.347,1.347,1.348,1.339,598455.0,星期三,0.0,0.0
2025-02-11,1.344,1.347,1.348,1.34,739692.0,星期二,0.0,0.0022
2025-02-10,1.343,1.344,1.349,1.339,463610.0,星期一,0.0007,0.0007
2025-02-07,1.333,1.342,1.344,1.326,933594.0,星期五,0.0008,0.0068
2025-02-06,1.327,1.332,1.337,1.323,845296.0,星期四,-0.0038,0.0038
2025-02-05,1.359,1.332,1.361,1.329,641453.0,星期三,0.0022,-0.0199
2025-01-27,1.342,1.356,1.359,1.339,512730.0,星期一,0.0045,0.0104
2025-01-24,1.33,1.336,1.341,1.321,1412789.0,星期五,0.0015,0.0045
2025-01-23,1.319,1.328,1.333,1.319,1387030.0,星期四,0.0046,0.0068
2025-01-22,1.325,1.313,1.325,1.31,662560.0,星期三,0.0,-0.0091
2025-01-21,1.333,1.325,1.335,1.322,416933.0,星期二,0.0,-0.006
2025-01-20,1.338,1.333,1.345,1.33,1183215.0,星期一,0.0,-0.0037
2025-01-17,1.341,1.338,1.346,1.33,597125.0,星期五,0.0,-0.0022
2025-01-16,1.338,1.341,1.346,1.334,570548.0,星期四,0.0015,0.0022
2025-01-15,1.333,1.336,1.348,1.328,459534.0,星期三,0.0008,0.0023
2025-01-14,1.317,1.332,1.334,1.315,367207.0,星期二,0.0023,0.0114
2025-01-13,1.33,1.314,1.332,1.309,579472.0,星期一,-0.0008,-0.012
2025-01-10,1.344,1.331,1.352,1.33,814258.0,星期五,-0.003,-0.0097
2025-01-09,1.358,1.348,1.36,1.346,896678.0,星期四,-0.0029,-0.0074
2025-01-08,1.354,1.362,1.369,1.348,681776.0,星期三,0.0,0.0059
2025-01-07,1.355,1.354,1.355,1.342,308007.0,星期二,0.0,-0.0007
2025-01-06,1.349,1.355,1.358,1.338,849175.0,星期一,-0.0037,0.0044
2025-01-03,1.366,1.354,1.372,1.35,616117.0,星期五,-0.0007,-0.0088
2025-01-02,1.399,1.367,1.404,1.36,614935.0,星期四,0.0014,-0.0229
2024-12-31,1.404,1.397,1.412,1.396,1073939.0,星期二,0.0007,-0.005
2024-12-30,1.389,1.403,1.406,1.388,432471.0,星期一,-0.0007,0.0101
2024-12-27,1.39,1.39,1.393,1.374,719453.0,星期五,0.0,0.0
2024-12-26,1.404,1.39,1.405,1.382,706290.0,星期四,0.0021,-0.01
2024-12-25,1.386,1.401,1.402,1.385,402296.0,星期三,0.0,0.0108
2024-12-24,1.37,1.386,1.387,1.368,603247.0,星期二,-0.0007,0.0117
2024-12-23,1.358,1.371,1.38,1.357,771344.0,星期一,0.0,0.0096
2024-12-20,1.364,1.358,1.369,1.355,416515.0,星期五,-0.0007,-0.0044
2024-12-19,1.372,1.365,1.374,1.362,426259.0,星期四,-0.0007,-0.0051
2024-12-18,1.368,1.373,1.382,1.367,375178.0,星期三,0.0037,0.0037
2024-12-17,1.365,1.363,1.373,1.36,686299.0,星期二,0.0007,-0.0015
2024-12-16,1.361,1.364,1.37,1.357,744878.0,星期一,-0.0015,0.0022
2024-12-13,1.368,1.363,1.368,1.355,221893.0,星期五,-0.0036,-0.0037
2024-12-12,1.359,1.373,1.373,1.357,433417.0,星期四,-0.0022,0.0103
2024-12-11,1.356,1.362,1.367,1.356,317662.0,星期三,-0.0029,0.0044
2024-12-10,1.375,1.36,1.383,1.358,459549.0,星期二,0.014,-0.0109
2024-12-09,1.354,1.356,1.363,1.347,292793.0,星期一,0.0015,0.0015
2024-12-06,1.347,1.352,1.356,1.344,977811.0,星期五,0.0037,0.0037
2024-12-05,1.35,1.342,1.35,1.34,303914.0,星期四,0.0022,-0.0059
2024-12-04,1.347,1.347,1.352,1.338,227955.0,星期三,0.0007,0.0
2024-12-03,1.336,1.346,1.347,1.329,329944.0,星期二,-0.0416,0.0075
2024-12-02,1.389,1.394,1.396,1.382,137931.0,星期一,-0.0007,0.0036
2024-11-29,1.387,1.39,1.4,1.387,345576.0,星期五,0.0,0.0022
2024-11-28,1.397,1.387,1.397,1.382,326014.0,星期四,0.0036,-0.0072
2024-11-27,1.377,1.392,1.394,1.373,259871.0,星期三,-0.0015,0.0109
2024-11-26,1.378,1.379,1.386,1.37,405826.0,星期二,-0.0007,0.0007
2024-11-25,1.374,1.379,1.393,1.372,591173.0,星期一,-0.0036,0.0036
2024-11-22,1.41,1.379,1.412,1.376,208488.0,星期五,-0.0007,-0.022
2024-11-21,1.408,1.411,1.411,1.403,332426.0,星期四,0.0,0.0021
2024-11-20,1.403,1.408,1.409,1.398,466244.0,星期三,0.0,0.0036
2024-11-19,1.411,1.403,1.414,1.391,388742.0,星期二,-0.0007,-0.0057
2024-11-18,1.402,1.412,1.432,1.402,431094.0,星期一,0.0036,0.0071
2024-11-15,1.405,1.397,1.413,1.396,279462.0,星期五,0.0,-0.0057
2024-11-14,1.414,1.405,1.416,1.401,207304.0,星期四,0.0,-0.0064
2024-11-13,1.4,1.414,1.416,1.395,591637.0,星期三,0.0,0.01
2024-11-12,1.405,1.4,1.423,1.394,143294.0,星期二,0.0,-0.0036
2024-11-11,1.416,1.405,1.416,1.39,352263.0,星期一,-0.0007,-0.0078
2024-11-08,1.43,1.417,1.435,1.409,609675.0,星期五,0.0014,-0.0091
2024-11-07,1.394,1.428,1.428,1.387,307053.0,星期四,-0.0021,0.0244
2024-11-06,1.406,1.397,1.409,1.393,340110.0,星期三,0.0,-0.0064
2024-11-05,1.39,1.406,1.407,1.385,248674.0,星期二,-0.0022,0.0115
2024-11-04,1.392,1.393,1.393,1.377,106555.0,星期一,0.0051,0.0007
2024-11-01,1.375,1.385,1.391,1.371,418550.0,星期五,-0.0007,0.0073
2024-10-31,1.38,1.376,1.382,1.365,407021.0,星期四,-0.0007,-0.0029
2024-10-30,1.39,1.381,1.392,1.372,373896.0,星期三,0.0014,-0.0065
2024-10-29,1.395,1.388,1.403,1.386,214143.0,星期二,-0.0007,-0.005
2024-10-28,1.393,1.396,1.396,1.387,168308.0,星期一,-0.0036,0.0022
2024-10-25,1.396,1.398,1.404,1.392,155801.0,星期五,-0.0029,0.0014
2024-10-24,1.411,1.4,1.411,1.398,233861.0,星期四,0.0,-0.0078
2024-10-23,1.409,1.411,1.416,1.406,81989.0,星期三,0.0028,0.0014
2024-10-22,1.384,1.405,1.409,1.384,239466.0,星期二,-0.0093,0.0152
2024-10-21,1.43,1.397,1.43,1.388,269138.0,星期一,0.0106,-0.0231
2024-10-18,1.389,1.415,1.431,1.377,612158.0,星期五,0.0,0.0187
2024-10-17,1.397,1.389,1.42,1.388,437234.0,星期四,-0.0071,-0.0057
2024-10-16,1.396,1.407,1.415,1.39,809936.0,星期三,-0.0036,0.0079
2024-10-15,1.42,1.401,1.436,1.4,695714.0,星期二,-0.0077,-0.0134
2024-10-14,1.414,1.431,1.442,1.414,162367.0,星期一,0.005,0.012
2024-10-11,1.432,1.407,1.441,1.392,181409.0,星期五,0.0028,-0.0175
2024-10-10,1.39,1.428,1.457,1.39,204749.0,星期四,0.0014,0.0273
2024-10-09,1.469,1.388,1.469,1.382,992700.0,星期三,-0.0041,-0.0551
2024-10-08,1.611,1.475,1.614,1.446,428538.0,星期二,0.0982,-0.0844
2024-09-30,1.392,1.467,1.471,1.386,616968.0,星期一,0.0116,0.0539
2024-09-27,1.368,1.376,1.387,1.368,140667.0,星期五,0.0081,0.0058
2024-09-26,1.317,1.357,1.36,1.315,646171.0,星期四,-0.0008,0.0304
2024-09-25,1.327,1.318,1.342,1.315,169719.0,星期三,0.0169,-0.0068
2024-09-24,1.267,1.305,1.305,1.263,297065.0,星期二,0.0056,0.03
2024-09-23,1.249,1.26,1.264,1.249,279579.0,星期一,-0.0024,0.0088
2024-09-20,1.254,1.252,1.254,1.238,117904.0,星期五,-0.0442,-0.0016
2024-09-19,1.312,1.312,1.312,1.295,157511.0,星期四,0.0054,0.0
2024-09-18,1.289,1.305,1.307,1.289,306941.0,星期三,0.0,0.0124
2024-09-13,1.289,1.289,1.3,1.288,103620.0,星期五,-0.0008,0.0
2024-09-12,1.288,1.29,1.294,1.284,224647.0,星期四,0.0,0.0016
2024-09-11,1.303,1.288,1.303,1.282,513668.0,星期三,-0.0038,-0.0115
2024-09-10,1.308,1.308,1.311,1.299,321205.0,星期二,-0.0008,0.0
2024-09-09,1.322,1.309,1.322,1.304,191903.0,星期一,-0.0008,-0.0098
2024-09-06,1.331,1.323,1.34,1.322,216623.0,星期五,0.0023,-0.006
2024-09-05,1.328,1.328,1.333,1.323,265110.0,星期四,0.0,0.0
2024-09-04,1.331,1.328,1.336,1.328,108312.0,星期三,-0.0037,-0.0023
2024-09-03,1.345,1.336,1.346,1.331,102969.0,星期二,0.0,-0.0067
2024-09-02,1.343,1.345,1.351,1.338,95651.0,星期一,-0.0015,0.0015
2024-08-30,1.351,1.345,1.355,1.337,387337.0,星期五,0.0,-0.0044
2024-08-29,1.37,1.351,1.37,1.35,313218.0,星期四,-0.0022,-0.0139
2024-08-28,1.378,1.373,1.382,1.368,89251.0,星期三,-0.0014,-0.0036
2024-08-27,1.381,1.38,1.383,1.375,269593.0,星期二,-0.0036,-0.0007
2024-08-26,1.384,1.386,1.387,1.374,134817.0,星期一,-0.0014,0.0014
2024-08-23,1.374,1.386,1.39,1.374,86244.0,星期五,-0.0036,0.0087
2024-08-22,1.374,1.379,1.381,1.373,173902.0,星期四,0.0,0.0036
2024-08-21,1.375,1.374,1.379,1.367,152938.0,星期三,-0.0051,-0.0007
2024-08-20,1.39,1.382,1.39,1.376,336847.0,星期二,0.0,-0.0058
2024-08-19,1.377,1.39,1.39,1.377,239944.0,星期一,0.0,0.0094
2024-08-16,1.371,1.377,1.378,1.371,298892.0,星期五,-0.0022,0.0044
2024-08-15,1.356,1.374,1.376,1.354,65410.0,星期四,-0.0007,0.0133
2024-08-14,1.362,1.357,1.362,1.356,290335.0,星期三,-0.0007,-0.0037
2024-08-13,1.365,1.363,1.368,1.356,671980.0,星期二,0.0007,-0.0015
2024-08-12,1.364,1.364,1.369,1.361,60816.0,星期一,-0.0022,0.0
2024-08-09,1.372,1.367,1.374,1.364,534472.0,星期五,0.0007,-0.0036
2024-08-08,1.364,1.371,1.375,1.364,361436.0,星期四,0.0,0.0051
2024-08-07,1.357,1.364,1.374,1.354,1077814.0,星期三,-0.0015,0.0052
2024-08-06,1.358,1.359,1.371,1.347,758032.0,星期二,-0.0029,0.0007
2024-08-05,1.374,1.362,1.379,1.36,128738.0,星期一,-0.0029,-0.0087
2024-08-02,1.379,1.378,1.384,1.375,295283.0,星期五,-0.0043,-0.0007
2024-08-01,1.388,1.385,1.393,1.385,112836.0,星期四,0.0,-0.0022
2024-07-31,1.38,1.388,1.388,1.374,163362.0,星期三,0.0,0.0058
2024-07-30,1.393,1.38,1.393,1.375,190048.0,星期二,0.0,-0.0093
2024-07-29,1.39,1.393,1.397,1.385,172838.0,星期一,-0.0014,0.0022
2024-07-26,1.395,1.392,1.4,1.384,285688.0,星期五,0.0,-0.0022
2024-07-25,1.404,1.395,1.404,1.389,412432.0,星期四,-0.0007,-0.0064
2024-07-24,1.401,1.405,1.409,1.399,321236.0,星期三,-0.0021,0.0029
2024-07-23,1.414,1.404,1.417,1.403,467509.0,星期二,-0.0028,-0.0071
2024-07-22,1.428,1.418,1.428,1.406,550343.0,星期一,0.0,-0.007
2024-07-19,1.426,1.428,1.431,1.415,358171.0,星期五,0.0007,0.0014
2024-07-18,1.415,1.425,1.425,1.405,194719.0,星期四,-0.0007,0.0071
2024-07-17,1.412,1.416,1.419,1.408,220784.0,星期三,-0.0021,0.0028
2024-07-16,1.413,1.415,1.415,1.406,271066.0,星期二,0.0007,0.0014
2024-07-15,1.404,1.412,1.414,1.396,200993.0,星期一,0.0,0.0057
2024-07-12,1.402,1.404,1.406,1.398,131661.0,星期五,0.0014,0.0014
2024-07-11,1.388,1.4,1.402,1.388,153134.0,星期四,-0.0014,0.0086
2024-07-10,1.398,1.39,1.399,1.387,128942.0,星期三,0.0007,-0.0057
2024-07-09,1.385,1.397,1.4,1.381,232416.0,星期二,-0.0022,0.0087
2024-07-08,1.384,1.388,1.393,1.377,315980.0,星期一,-0.0014,0.0029
2024-07-05,1.395,1.386,1.395,1.371,387292.0,星期五,0.0,-0.0065
2024-07-04,1.394,1.395,1.398,1.389,144711.0,星期四,0.0007,0.0007
2024-07-03,1.399,1.393,1.4,1.386,301559.0,星期三,0.0,-0.0043
2024-07-02,1.397,1.399,1.4,1.39,165487.0,星期二,0.0,0.0014
2024-07-01,1.383,1.397,1.398,1.379,241649.0,星期一,0.0,0.0101
2024-06-28,1.373,1.383,1.385,1.367,322826.0,星期五,0.0007,0.0073
2024-06-27,1.372,1.372,1.377,1.367,246526.0,星期四,0.0015,0.0
2024-06-26,1.373,1.37,1.374,1.363,158355.0,星期三,0.0015,-0.0022
2024-06-25,1.368,1.371,1.376,1.365,124705.0,星期二,0.0,0.0022
2024-06-24,1.371,1.368,1.374,1.361,242906.0,星期一,-0.0007,-0.0022
2024-06-21,1.374,1.372,1.374,1.361,102670.0,星期五,-0.0432,-0.0015
2024-06-20,1.438,1.436,1.443,1.435,90743.0,星期四,-0.0014,-0.0014
2024-06-19,1.44,1.44,1.445,1.436,84106.0,星期三,0.0,0.0
2024-06-18,1.432,1.44,1.443,1.429,164454.0,星期二,-0.0035,0.0056
2024-06-17,1.452,1.437,1.452,1.432,67814.0,星期一,0.0,-0.0103
2024-06-14,1.45,1.452,1.454,1.443,86395.0,星期五,0.0,0.0014
2024-06-13,1.458,1.45,1.461,1.447,1596128.0,星期四,0.0,-0.0055
2024-06-12,1.453,1.458,1.458,1.443,250719.0,星期三,0.0021,0.0034
2024-06-11,1.469,1.45,1.472,1.446,207082.0,星期二,-0.0007,-0.0129
2024-06-07,1.46,1.47,1.471,1.46,516502.0,星期五,0.0007,0.0068
2024-06-06,1.459,1.459,1.472,1.457,534892.0,星期四,0.0014,0.0
2024-06-05,1.465,1.457,1.468,1.455,668026.0,星期三,0.0,-0.0055
2024-06-04,1.456,1.465,1.467,1.455,800739.0,星期二,-0.0014,0.0062
2024-06-03,1.459,1.458,1.463,1.451,391997.0,星期一,0.0,-0.0007
2024-05-31,1.459,1.459,1.465,1.458,892088.0,星期五,-0.0007,0.0
2024-05-30,1.465,1.46,1.477,1.457,950267.0,星期四,-0.0027,-0.0034
2024-05-29,1.469,1.469,1.475,1.466,1364509.0,星期三,0.0,0.0
2024-05-28,1.472,1.469,1.476,1.466,54326.0,星期二,0.0,-0.002
2024-05-27,1.453,1.472,1.472,1.453,81419.0,星期一,0.0007,0.0131
2024-05-24,1.446,1.452,1.463,1.446,118204.0,星期五,-0.0041,0.0041
2024-05-23,1.465,1.452,1.465,1.449,81424.0,星期四,0.0007,-0.0089
2024-05-22,1.462,1.464,1.471,1.46,99222.0,星期三,0.0,0.0014
2024-05-21,1.453,1.462,1.465,1.453,151039.0,星期二,-0.0034,0.0062
2024-05-20,1.457,1.458,1.465,1.454,89312.0,星期一,0.0,0.0007
2024-05-17,1.445,1.457,1.458,1.44,75084.0,星期五,0.0,0.0083
2024-05-16,1.446,1.445,1.452,1.442,81392.0,星期四,0.0,-0.0007
2024-05-15,1.454,1.446,1.456,1.444,60053.0,星期三,0.0,-0.0055
2024-05-14,1.459,1.454,1.46,1.45,93983.0,星期二,0.0,-0.0034
2024-05-13,1.445,1.459,1.461,1.442,98875.0,星期一,-0.0034,0.0097
2024-05-10,1.438,1.45,1.45,1.438,130330.0,星期五,-0.0007,0.0083
2024-05-09,1.438,1.439,1.443,1.432,127770.0,星期四,0.0,0.0007
2024-05-08,1.436,1.438,1.44,1.432,274349.0,星期三,0.0,0.0014
2024-05-07,1.431,1.436,1.444,1.431,110079.0,星期二,-0.0069,0.0035
2024-05-06,1.447,1.441,1.447,1.436,96182.0,星期一,0.0049,-0.0041
2024-04-30,1.427,1.44,1.445,1.427,121804.0,星期二,-0.0007,0.0091
2024-04-29,1.426,1.428,1.433,1.418,197867.0,星期一,-0.0035,0.0014
2024-04-26,1.435,1.431,1.438,1.42,779115.0,星期五,0.0028,-0.0028
2024-04-25,1.423,1.431,1.431,1.423,167437.0,星期四,-0.0028,0.0056
2024-04-24,1.42,1.427,1.428,1.416,97143.0,星期三,0.0,0.0049
2024-04-23,1.428,1.42,1.435,1.418,257756.0,星期二,-0.0042,-0.0056
2024-04-22,1.452,1.434,1.461,1.433,191727.0,星期一,0.0007,-0.0124
2024-04-19,1.449,1.451,1.456,1.442,214938.0,星期五,0.0014,0.0014
2024-04-18,1.427,1.447,1.458,1.427,1773257.0,星期四,-0.0097,0.014
2024-04-17,1.423,1.441,1.442,1.41,81260.0,星期三,0.0,0.0126
2024-04-16,1.424,1.423,1.433,1.411,82100.0,星期二,-0.0007,-0.0007
2024-04-15,1.402,1.425,1.427,1.398,181865.0,星期一,0.0014,0.0164
2024-04-12,1.41,1.4,1.41,1.396,81819.0,星期五,0.0,-0.0071
2024-04-11,1.405,1.41,1.411,1.395,80641.0,星期四,0.0007,0.0036
2024-04-10,1.404,1.404,1.413,1.4,67080.0,星期三,-0.0028,0.0
2024-04-09,1.419,1.408,1.419,1.398,87010.0,星期二,0.0007,-0.0078
2024-04-08,1.405,1.418,1.421,1.398,99242.0,星期一,-0.0007,0.0093
2024-04-03,1.401,1.406,1.407,1.392,97921.0,星期三,-0.0014,0.0036
2024-04-02,1.399,1.403,1.408,1.398,62170.0,星期二,-0.0014,0.0029
2024-04-01,1.388,1.401,1.401,1.388,70455.0,星期一,0.0007,0.0094
2024-03-29,1.379,1.387,1.387,1.379,64424.0,星期五,0.0007,0.0058
2024-03-28,1.38,1.378,1.383,1.367,79119.0,星期四,-0.0007,-0.0014
2024-03-27,1.387,1.381,1.392,1.381,61791.0,星期三,0.0007,-0.0043
2024-03-26,1.381,1.386,1.387,1.376,76774.0,星期二,0.0015,0.0036
2024-03-25,1.379,1.379,1.387,1.373,78955.0,星期一,0.0007,0.0
2024-03-22,1.38,1.378,1.382,1.366,297410.0,星期五,0.0,-0.0014
2024-03-21,1.379,1.38,1.385,1.376,375191.0,星期四,0.0,0.0007
2024-03-20,1.375,1.379,1.384,1.369,70994.0,星期三,0.0,0.0029
2024-03-19,1.386,1.375,1.386,1.373,76031.0,星期二,0.0007,-0.0079
2024-03-18,1.381,1.385,1.389,1.378,93412.0,星期一,0.0,0.0029
2024-03-15,1.374,1.381,1.381,1.371,106206.0,星期五,0.0007,0.0051
2024-03-14,1.378,1.373,1.382,1.37,86764.0,星期四,0.0022,-0.0036
2024-03-13,1.376,1.375,1.378,1.367,84535.0,星期三,-0.0022,-0.0007
2024-03-12,1.399,1.379,1.402,1.376,968646.0,星期二,-0.0021,-0.0143
2024-03-11,1.406,1.402,1.412,1.393,1672921.0,星期一,-0.0021,-0.0028
2024-03-08,1.406,1.409,1.41,1.399,74956.0,星期五,0.0,0.0021
2024-03-07,1.406,1.406,1.412,1.4,93860.0,星期四,0.0036,0.0
2024-03-06,1.415,1.401,1.415,1.401,240150.0,星期三,0.0043,-0.0099
2024-03-05,1.386,1.409,1.409,1.384,200618.0,星期二,0.0007,0.0166
2024-03-04,1.379,1.385,1.39,1.378,495433.0,星期一,-0.0022,0.0044
2024-03-01,1.378,1.382,1.385,1.377,135915.0,星期五,0.0,0.0029
2024-02-29,1.371,1.378,1.38,1.366,94435.0,星期四,0.0,0.0051
2024-02-28,1.369,1.371,1.383,1.366,474749.0,星期三,-0.0044,0.0015
2024-02-27,1.37,1.375,1.38,1.364,114806.0,星期二,-0.0015,0.0036
2024-02-26,1.398,1.372,1.398,1.369,107084.0,星期一,0.0007,-0.0186
2024-02-23,1.4,1.397,1.407,1.393,127979.0,星期五,0.0029,-0.0021
2024-02-22,1.38,1.396,1.396,1.38,118249.0,星期四,-0.0029,0.0116
2024-02-21,1.378,1.384,1.398,1.373,83376.0,星期三,0.0,0.0044
2024-02-20,1.363,1.378,1.379,1.357,1980860.0,星期二,-0.0015,0.011
2024-02-19,1.357,1.365,1.365,1.331,138903.0,星期一,0.015,0.0059
2024-02-08,1.344,1.337,1.344,1.319,118692.0,星期四,0.0,-0.0052
2024-02-07,1.346,1.344,1.346,1.327,119037.0,星期三,0.0,-0.0015
2024-02-06,1.334,1.346,1.348,1.32,182368.0,星期二,0.003,0.009
2024-02-05,1.312,1.33,1.331,1.297,236437.0,星期一,-0.0023,0.0137
2024-02-02,1.316,1.315,1.323,1.29,101556.0,星期五,0.0,-0.0008
2024-02-01,1.32,1.316,1.32,1.306,221785.0,星期四,-0.0015,-0.003
2024-01-31,1.317,1.322,1.327,1.309,191656.0,星期三,-0.0015,0.0038
2024-01-30,1.337,1.319,1.338,1.317,296730.0,星期二,0.0,-0.0135
2024-01-29,1.32,1.337,1.342,1.32,107895.0,星期一,-0.0015,0.0129
2024-01-26,1.308,1.322,1.323,1.304,94006.0,星期五,0.0,0.0107
2024-01-25,1.289,1.308,1.309,1.286,106109.0,星期四,0.0008,0.0147
2024-01-24,1.264,1.288,1.29,1.262,106460.0,星期三,0.0016,0.019
2024-01-23,1.252,1.262,1.265,1.241,134562.0,星期二,-0.004,0.008
2024-01-22,1.274,1.257,1.277,1.249,139222.0,星期一,0.0008,-0.0133
2024-01-19,1.27,1.273,1.278,1.267,145598.0,星期五,-0.0024,0.0024
2024-01-18,1.274,1.273,1.276,1.243,147531.0,星期四,-0.0055,-0.0008
2024-01-17,1.294,1.281,1.294,1.277,121542.0,星期三,0.0023,-0.01
2024-01-16,1.277,1.291,1.291,1.276,110110.0,星期二,-0.0023,0.011
2024-01-15,1.275,1.28,1.282,1.27,73771.0,星期一,0.0,0.0039
2024-01-12,1.267,1.275,1.278,1.267,147962.0,星期五,0.0,0.0063
2024-01-11,1.266,1.267,1.274,1.266,61611.0,星期四,-0.0055,0.0008
2024-01-10,1.284,1.273,1.284,1.273,124697.0,星期三,0.0055,-0.0086
2024-01-09,1.272,1.277,1.279,1.265,125870.0,星期二,0.0,0.0039
2024-01-08,1.279,1.272,1.284,1.272,106452.0,星期一,-0.0023,-0.0055
2024-01-05,1.276,1.282,1.293,1.276,117571.0,星期五,-0.0023,0.0047
2024-01-04,1.278,1.279,1.284,1.27,342866.0,星期四,-0.0016,0.0008
2024-01-03,1.273,1.28,1.28,1.27,126050.0,星期三,0.0,0.0055
2024-01-02,1.268,1.273,1.276,1.266,84629.0,星期二,0.0008,0.0039
2023-12-29,1.268,1.267,1.271,1.264,96326.0,星期五,0.0,-0.0008
2023-12-28,1.265,1.268,1.27,1.262,126987.0,星期四,0.0,0.0024
2023-12-27,1.255,1.265,1.265,1.251,91695.0,星期三,0.0,0.008
2023-12-26,1.258,1.255,1.26,1.253,68541.0,星期二,0.0,-0.0024
2023-12-25,1.254,1.258,1.258,1.251,126853.0,星期一,0.0,0.0032
2023-12-22,1.245,1.254,1.257,1.245,253671.0,星期五,-0.0008,0.0072
2023-12-21,1.246,1.246,1.248,1.237,69822.0,星期四,0.0,0.0
2023-12-20,1.25,1.246,1.256,1.245,124752.0,星期三,0.0,-0.0032
2023-12-19,1.263,1.25,1.263,1.245,104541.0,星期二,-0.0425,-0.0103
2023-12-18,1.32,1.319,1.323,1.312,115050.0,星期一,0.0023,-0.0008
2023-12-15,1.329,1.317,1.33,1.317,58457.0,星期五,0.0023,-0.009
2023-12-14,1.33,1.326,1.332,1.326,107252.0,星期四,-0.0023,-0.003
2023-12-13,1.34,1.333,1.34,1.331,121447.0,星期三,0.0007,-0.0052
2023-12-12,1.328,1.339,1.34,1.328,75020.0,星期二,-0.003,0.0083
2023-12-11,1.329,1.332,1.339,1.308,217287.0,星期一,-0.0015,0.0023
2023-12-08,1.329,1.331,1.339,1.327,358990.0,星期五,0.0008,0.0015
2023-12-07,1.325,1.328,1.33,1.318,122041.0,星期四,0.0008,0.0023
2023-12-06,1.327,1.324,1.331,1.318,112550.0,星期三,-0.003,-0.0023
2023-12-05,1.342,1.331,1.346,1.331,116952.0,星期二,-0.0037,-0.0082
2023-12-04,1.348,1.347,1.352,1.347,111775.0,星期一,0.0,-0.0007
2023-12-01,1.346,1.348,1.35,1.341,126599.0,星期五,0.0,0.0015
2023-11-30,1.333,1.346,1.348,1.333,112893.0,星期四,-0.003,0.0098
2023-11-29,1.346,1.337,1.346,1.334,207630.0,星期三,-0.0007,-0.0067
2023-11-28,1.342,1.347,1.347,1.342,97394.0,星期二,-0.0037,0.0037
2023-11-27,1.357,1.347,1.357,1.339,117449.0,星期一,0.0022,-0.0074
2023-11-24,1.352,1.354,1.356,1.351,119993.0,星期五,-0.0007,0.0015
2023-11-23,1.352,1.353,1.353,1.347,89930.0,星期四,0.0,0.0007
2023-11-22,1.354,1.352,1.358,1.351,131568.0,星期三,-0.0015,-0.0015
2023-11-21,1.352,1.356,1.361,1.352,153418.0,星期二,0.0,0.003
2023-11-20,1.349,1.352,1.353,1.345,128941.0,星期一,0.0,0.0022
2023-11-17,1.355,1.349,1.355,1.345,134952.0,星期五,0.0,-0.0044
2023-11-16,1.357,1.355,1.358,1.353,872505.0,星期四,0.0007,-0.0015
2023-11-15,1.351,1.356,1.358,1.351,87724.0,星期三,0.0,0.0037
2023-11-14,1.352,1.351,1.355,1.348,134023.0,星期二,0.003,-0.0007
2023-11-13,1.353,1.348,1.353,1.341,98120.0,星期一,0.0007,-0.0037
2023-11-10,1.357,1.352,1.357,1.348,127618.0,星期五,0.0,-0.0037
2023-11-09,1.35,1.357,1.358,1.348,120021.0,星期四,0.0,0.0052
2023-11-08,1.352,1.35,1.356,1.344,122316.0,星期三,-0.0029,-0.0015
2023-11-07,1.353,1.356,1.358,1.35,151905.0,星期二,-0.0007,0.0022
2023-11-06,1.354,1.354,1.359,1.352,125642.0,星期一,0.0,0.0
2023-11-03,1.36,1.354,1.361,1.353,129508.0,星期五,0.0,-0.0044
2023-11-02,1.356,1.36,1.365,1.356,96058.0,星期四,0.0015,0.0029
2023-11-01,1.346,1.354,1.355,1.344,94800.0,星期三,-0.0037,0.0059
2023-10-31,1.343,1.351,1.353,1.342,93084.0,星期二,-0.0052,0.006
2023-10-30,1.355,1.35,1.358,1.342,147222.0,星期一,-0.0037,-0.0037
2023-10-27,1.359,1.36,1.363,1.353,199004.0,星期五,0.0,0.0007
2023-10-26,1.341,1.359,1.359,1.341,108497.0,星期四,-0.0037,0.0134
2023-10-25,1.344,1.346,1.349,1.339,113140.0,星期三,0.0022,0.0015
2023-10-24,1.338,1.341,1.341,1.331,97418.0,星期二,-0.0007,0.0022
2023-10-23,1.349,1.339,1.35,1.332,108534.0,星期一,0.0,-0.0074
2023-10-20,1.349,1.349,1.358,1.348,90962.0,星期五,-0.0074,0.0
2023-10-19,1.383,1.359,1.383,1.357,111095.0,星期四,-0.0022,-0.0174
2023-10-18,1.389,1.386,1.395,1.384,93996.0,星期三,-0.0014,-0.0022
2023-10-17,1.385,1.391,1.391,1.382,96681.0,星期二,0.0014,0.0043
2023-10-16,1.387,1.383,1.387,1.378,106639.0,星期一,0.0007,-0.0029
2023-10-13,1.381,1.386,1.388,1.375,95904.0,星期五,-0.0022,0.0036
2023-10-12,1.378,1.384,1.384,1.371,72626.0,星期四,0.0088,0.0044
2023-10-11,1.369,1.366,1.374,1.363,63185.0,星期三,0.0,-0.0022
2023-10-10,1.382,1.369,1.382,1.367,89679.0,星期二,0.0,-0.0094
2023-10-09,1.378,1.382,1.382,1.365,77649.0,星期一,-0.0022,0.0029
2023-09-28,1.378,1.381,1.387,1.378,81257.0,星期四,-0.0043,0.0022
2023-09-27,1.39,1.384,1.39,1.381,84059.0,星期三,0.0,-0.0043
2023-09-26,1.395,1.39,1.395,1.388,79390.0,星期二,0.0,-0.0036
2023-09-25,1.393,1.395,1.398,1.39,70591.0,星期一,-0.0007,0.0014
2023-09-22,1.388,1.394,1.394,1.379,80759.0,星期五,-0.0036,0.0043
2023-09-21,1.394,1.393,1.396,1.381,87912.0,星期四,0.0014,-0.0007
2023-09-20,1.381,1.392,1.398,1.381,152716.0,星期三,-0.0036,0.008
2023-09-19,1.379,1.386,1.389,1.377,62133.0,星期二,-0.0007,0.0051
2023-09-18,1.373,1.38,1.38,1.37,97505.0,星期一,-0.0051,0.0051
2023-09-15,1.39,1.38,1.395,1.375,75755.0,星期五,0.0022,-0.0072
2023-09-14,1.376,1.387,1.389,1.376,75423.0,星期四,0.0,0.008
2023-09-13,1.376,1.376,1.381,1.37,77436.0,星期三,-0.0007,0.0
2023-09-12,1.378,1.377,1.378,1.369,54149.0,星期二,0.0,-0.0007
2023-09-11,1.366,1.378,1.381,1.359,77308.0,星期一,0.0,0.0088
2023-09-08,1.371,1.366,1.371,1.362,87647.0,星期五,0.0,-0.0036
2023-09-07,1.378,1.371,1.381,1.371,78183.0,星期四,0.0,-0.0051
2023-09-06,1.376,1.378,1.378,1.37,76522.0,星期三,-0.0029,0.0015
2023-09-05,1.388,1.38,1.39,1.377,76627.0,星期二,0.0,-0.0058
2023-09-04,1.375,1.388,1.39,1.375,69962.0,星期一,0.0029,0.0095
2023-09-01,1.368,1.371,1.373,1.366,36238.0,星期五,0.0037,0.0022
2023-08-31,1.368,1.363,1.376,1.363,72403.0,星期四,-0.0022,-0.0037
2023-08-30,1.382,1.371,1.382,1.367,213585.0,星期三,0.0,-0.008
2023-08-29,1.403,1.382,1.403,1.375,249593.0,星期二,0.0057,-0.015
2023-08-28,1.421,1.395,1.438,1.39,69877.0,星期一,0.0305,-0.0183
2023-08-25,1.367,1.379,1.384,1.367,61805.0,星期五,-0.0007,0.0088
2023-08-24,1.381,1.368,1.381,1.366,114974.0,星期四,0.0015,-0.0094
2023-08-23,1.38,1.379,1.389,1.378,214935.0,星期三,-0.0007,-0.0007
2023-08-22,1.373,1.381,1.382,1.369,80916.0,星期二,0.0044,0.0058
2023-08-21,1.402,1.367,1.403,1.366,122228.0,星期一,0.0094,-0.025
2023-08-18,1.395,1.389,1.402,1.388,75798.0,星期五,0.0043,-0.0043
2023-08-17,1.39,1.389,1.395,1.379,93595.0,星期四,-0.0036,-0.0007
2023-08-16,1.398,1.395,1.402,1.387,57467.0,星期三,0.0,-0.0021
2023-08-15,1.382,1.398,1.399,1.382,257281.0,星期二,-0.0007,0.0116
2023-08-14,1.395,1.383,1.395,1.371,98526.0,星期一,0.0,-0.0086
2023-08-11,1.416,1.395,1.416,1.39,105524.0,星期五,-0.0007,-0.0148
2023-08-10,1.414,1.417,1.418,1.408,141898.0,星期四,0.0007,0.0021
2023-08-09,1.414,1.413,1.416,1.411,94793.0,星期三,-0.0021,-0.0007
2023-08-08,1.431,1.417,1.432,1.408,212016.0,星期二,0.0099,-0.0098
2023-08-07,1.418,1.417,1.419,1.409,226534.0,星期一,-0.0042,-0.0007
2023-08-04,1.438,1.424,1.44,1.424,52352.0,星期五,0.012,-0.0097
2023-08-03,1.41,1.421,1.422,1.401,80088.0,星期四,0.0043,0.0078
2023-08-02,1.415,1.404,1.421,1.402,105337.0,星期三,-0.007,-0.0078
2023-08-01,1.427,1.425,1.43,1.418,124106.0,星期二,0.0007,-0.0014
2023-07-31,1.428,1.426,1.528,1.418,118280.0,星期一,0.0078,-0.0014
2023-07-28,1.394,1.417,1.419,1.377,125228.0,星期五,0.0087,0.0165
2023-07-27,1.383,1.382,1.395,1.376,90387.0,星期四,0.0,-0.0007
2023-07-26,1.379,1.383,1.388,1.373,162677.0,星期三,-0.0007,0.0029
2023-07-25,1.372,1.38,1.381,1.37,50230.0,星期二,0.0096,0.0058
2023-07-24,1.359,1.359,1.363,1.353,39368.0,星期一,0.0,0.0
2023-07-21,1.361,1.359,1.362,1.354,58325.0,星期五,0.0029,-0.0015
2023-07-20,1.367,1.357,1.368,1.356,55117.0,星期四,0.0022,-0.0073
2023-07-19,1.367,1.364,1.371,1.354,56195.0,星期三,0.0066,-0.0022
2023-07-18,1.368,1.358,1.378,1.349,56460.0,星期二,0.0051,-0.0073
2023-07-17,1.359,1.361,1.366,1.353,139576.0,星期一,-0.0015,0.0015
2023-07-14,1.35,1.361,1.367,1.348,37955.0,星期五,-0.0059,0.0081
2023-07-13,1.349,1.358,1.36,1.344,56017.0,星期四,0.0067,0.0067
2023-07-12,1.342,1.34,1.349,1.339,43786.0,星期三,-0.0015,-0.0015
2023-07-11,1.335,1.344,1.348,1.335,20430.0,星期二,0.0,0.0067
2023-07-10,1.344,1.335,1.344,1.333,44963.0,星期一,0.006,-0.0067
2023-07-07,1.332,1.336,1.341,1.331,37362.0,星期五,0.0008,0.003
2023-07-06,1.336,1.331,1.339,1.328,68804.0,星期四,0.0,-0.0037
2023-07-05,1.343,1.336,1.351,1.333,53639.0,星期三,0.0037,-0.0052
2023-07-04,1.348,1.338,1.348,1.336,67706.0,星期二,0.0,-0.0074
2023-07-03,1.333,1.348,1.35,1.333,54991.0,星期一,0.0,0.0113
2023-06-30,1.33,1.333,1.336,1.324,63415.0,星期五,0.0023,0.0023
2023-06-29,1.332,1.327,1.333,1.322,45522.0,星期四,0.0038,-0.0038
2023-06-28,1.321,1.327,1.328,1.32,48093.0,星期三,0.0,0.0045
2023-06-27,1.29,1.321,1.324,1.29,142798.0,星期二,-0.0107,0.024
2023-06-26,1.32,1.304,1.32,1.3,64154.0,星期一,-0.0008,-0.0121
2023-06-21,1.32,1.321,1.336,1.319,69956.0,星期三,-0.0023,0.0008
2023-06-20,1.328,1.323,1.332,1.323,60966.0,星期二,-0.0023,-0.0038
2023-06-19,1.339,1.331,1.339,1.33,23377.0,星期一,-0.003,-0.006
2023-06-16,1.346,1.343,1.349,1.341,43061.0,星期五,0.0037,-0.0022
2023-06-15,1.336,1.341,1.345,1.334,22910.0,星期四,0.0,0.0037
2023-06-14,1.348,1.336,1.357,1.336,13553.0,星期三,-0.0007,-0.0089
2023-06-13,1.347,1.349,1.352,1.343,50218.0,星期二,-0.0022,0.0015
2023-06-12,1.371,1.35,1.371,1.348,48576.0,星期一,0.0,-0.0153
2023-06-09,1.367,1.371,1.375,1.359,88477.0,星期五,0.0,0.0029
2023-06-08,1.351,1.367,1.368,1.339,31936.0,星期四,0.0022,0.0118
2023-06-07,1.349,1.348,1.353,1.341,44293.0,星期三,0.0075,-0.0007
2023-06-06,1.344,1.339,1.363,1.337,30077.0,星期二,-0.003,-0.0037
2023-06-05,1.333,1.348,1.351,1.333,32819.0,星期一,-0.003,0.0113
2023-06-02,1.334,1.337,1.338,1.33,20999.0,星期五,0.003,0.0022
2023-06-01,1.345,1.33,1.345,1.325,21916.0,星期四,0.009,-0.0112
2023-05-31,1.34,1.333,1.346,1.329,67336.0,星期三,0.0,-0.0052
2023-05-30,1.34,1.34,1.348,1.328,49032.0,星期二,-0.0007,0.0
2023-05-29,1.335,1.341,1.345,1.33,63270.0,星期一,0.006,0.0045
2023-05-26,1.315,1.327,1.329,1.308,77429.0,星期五,0.0,0.0091
2023-05-25,1.31,1.315,1.315,1.301,15182.0,星期四,0.0008,0.0038
2023-05-24,1.344,1.309,1.344,1.309,59382.0,星期三,0.0007,-0.026
2023-05-23,1.367,1.343,1.369,1.341,44862.0,星期二,0.0,-0.0176
2023-05-22,1.365,1.367,1.377,1.361,46514.0,星期一,0.0,0.0015
2023-05-19,1.377,1.365,1.382,1.363,56801.0,星期五,-0.0058,-0.0087
2023-05-18,1.376,1.385,1.395,1.372,26760.0,星期四,0.0058,0.0065
2023-05-17,1.37,1.368,1.377,1.36,43034.0,星期三,-0.0029,-0.0015
2023-05-16,1.382,1.374,1.394,1.369,46630.0,星期二,0.0,-0.0058
2023-05-15,1.366,1.382,1.382,1.338,63344.0,星期一,0.0007,0.0117
2023-05-12,1.38,1.365,1.389,1.365,54837.0,星期五,-0.0007,-0.0109
2023-05-11,1.385,1.381,1.401,1.379,54622.0,星期四,-0.0022,-0.0029
2023-05-10,1.429,1.388,1.429,1.381,55757.0,星期三,-0.0014,-0.0287
2023-05-09,1.45,1.431,1.471,1.427,44064.0,星期二,0.0035,-0.0131
2023-05-08,1.401,1.445,1.454,1.391,51256.0,星期一,0.0072,0.0314
2023-05-05,1.371,1.391,1.408,1.371,35666.0,星期五,-0.0087,0.0146
2023-05-04,1.345,1.383,1.386,1.333,19896.0,星期四,-0.0015,0.0283
2023-04-28,1.331,1.347,1.35,1.331,10230.0,星期五,-0.0008,0.012
2023-04-27,1.313,1.332,1.334,1.313,24899.0,星期四,-0.0038,0.0145
2023-04-26,1.335,1.318,1.335,1.306,29524.0,星期三,0.0007,-0.0127
2023-04-25,1.327,1.334,1.335,1.32,27066.0,星期二,0.0068,0.0053
2023-04-24,1.331,1.318,1.333,1.317,22062.0,星期一,0.006,-0.0098
2023-04-21,1.34,1.323,1.352,1.323,17635.0,星期五,-0.003,-0.0127
2023-04-20,1.329,1.344,1.345,1.328,24747.0,星期四,-0.0008,0.0113
2023-04-19,1.343,1.33,1.343,1.33,54676.0,星期三,0.0007,-0.0097
2023-04-18,1.328,1.342,1.343,1.328,17918.0,星期二,-0.0008,0.0105
2023-04-17,1.303,1.329,1.329,1.303,25332.0,星期一,0.0,0.02
2023-04-14,1.303,1.303,1.305,1.299,14857.0,星期五,0.0054,0.0
2023-04-13,1.299,1.296,1.303,1.296,9285.0,星期四,-0.0008,-0.0023
2023-04-12,1.291,1.3,1.302,1.291,27773.0,星期三,0.0039,0.007
2023-04-11,1.285,1.286,1.287,1.282,25637.0,星期二,0.0023,0.0008
2023-04-10,1.284,1.282,1.287,1.282,50738.0,星期一,0.0016,-0.0016
2023-04-07,1.285,1.282,1.285,1.282,23594.0,星期五,-0.0016,-0.0023
2023-04-06,1.285,1.287,1.287,1.279,31583.0,星期四,0.0016,0.0016
2023-04-04,1.268,1.283,1.283,1.268,24090.0,星期二,-0.0008,0.0118
2023-04-03,1.267,1.269,1.27,1.261,27174.0,星期一,0.0056,0.0016
2023-03-31,1.261,1.26,1.262,1.259,25549.0,星期五,0.0008,-0.0008
2023-03-30,1.262,1.26,1.262,1.246,25002.0,星期四,0.0088,-0.0016
2023-03-29,1.253,1.251,1.253,1.248,23952.0,星期三,0.0,-0.0016
2023-03-28,1.254,1.253,1.258,1.252,16356.0,星期二,0.0008,-0.0008
2023-03-27,1.259,1.253,1.263,1.245,29121.0,星期一,-0.0055,-0.0048
2023-03-24,1.269,1.266,1.271,1.262,21447.0,星期五,-0.007,-0.0024
2023-03-23,1.266,1.278,1.278,1.265,33180.0,星期四,0.0,0.0095
2023-03-22,1.265,1.266,1.266,1.256,49095.0,星期三,0.008,0.0008
2023-03-21,1.255,1.255,1.269,1.253,23837.0,星期二,-0.004,0.0
2023-03-20,1.265,1.26,1.283,1.259,42559.0,星期一,0.0,-0.004
2023-03-17,1.257,1.265,1.274,1.257,35493.0,星期五,0.0056,0.0064
2023-03-16,1.251,1.25,1.26,1.247,33477.0,星期四,0.0008,-0.0008
2023-03-15,1.243,1.25,1.252,1.242,43089.0,星期三,0.0032,0.0056
2023-03-14,1.239,1.239,1.244,1.232,39395.0,星期二,-0.0056,0.0
2023-03-13,1.234,1.246,1.246,1.232,42613.0,星期一,0.0049,0.0097
2023-03-10,1.24,1.228,1.242,1.228,39300.0,星期五,-0.0056,-0.0097
2023-03-09,1.255,1.247,1.255,1.244,57046.0,星期四,0.004,-0.0064
2023-03-08,1.248,1.25,1.25,1.242,58750.0,星期三,-0.0008,0.0016
2023-03-07,1.256,1.249,1.274,1.249,25651.0,星期二,0.0008,-0.0056
2023-03-06,1.265,1.255,1.265,1.252,20650.0,星期一,0.0016,-0.0079
2023-03-03,1.245,1.263,1.263,1.245,29966.0,星期五,0.0008,0.0145
2023-03-02,1.232,1.244,1.246,1.231,15284.0,星期四,-0.0008,0.0097
2023-03-01,1.218,1.233,1.235,1.218,19311.0,星期三,-0.0016,0.0123
2023-02-28,1.213,1.22,1.22,1.212,18637.0,星期二,0.0041,0.0058
2023-02-27,1.212,1.208,1.212,1.206,24540.0,星期一,-0.0025,-0.0033
2023-02-24,1.218,1.215,1.219,1.211,38508.0,星期五,-0.0008,-0.0025
2023-02-23,1.224,1.219,1.224,1.219,33206.0,星期四,0.0016,-0.0041
2023-02-22,1.221,1.222,1.225,1.219,12851.0,星期三,-0.0041,0.0008
2023-02-21,1.223,1.226,1.227,1.222,12945.0,星期二,0.0025,0.0025
2023-02-20,1.198,1.22,1.22,1.198,25701.0,星期一,0.0017,0.0184
2023-02-17,1.203,1.196,1.205,1.194,65670.0,星期五,0.0008,-0.0058
2023-02-16,1.202,1.202,1.214,1.197,32178.0,星期四,-0.0025,0.0
2023-02-15,1.206,1.205,1.208,1.203,23224.0,星期三,-0.0025,-0.0008
2023-02-14,1.207,1.209,1.209,1.205,10167.0,星期二,-0.0008,0.0017
2023-02-13,1.2,1.208,1.209,1.2,41518.0,星期一,-0.0017,0.0067
2023-02-10,1.198,1.202,1.202,1.198,18095.0,星期五,0.0,0.0033
2023-02-09,1.196,1.198,1.198,1.193,29282.0,星期四,0.005,0.0017
2023-02-08,1.192,1.19,1.196,1.189,38223.0,星期三,0.0,-0.0017
2023-02-07,1.188,1.192,1.195,1.187,38125.0,星期二,-0.0017,0.0034
2023-02-06,1.194,1.19,1.194,1.187,29548.0,星期一,-0.005,-0.0034
2023-02-03,1.203,1.2,1.203,1.193,41072.0,星期五,-0.0041,-0.0025
2023-02-02,1.21,1.208,1.212,1.205,16688.0,星期四,0.0,-0.0017
2023-02-01,1.202,1.21,1.211,1.202,26055.0,星期三,-0.0041,0.0067
2023-01-31,1.215,1.207,1.215,1.205,25703.0,星期二,0.0025,-0.0066
2023-01-30,1.215,1.212,1.225,1.211,18131.0,星期一,0.0016,-0.0025
2023-01-20,1.207,1.213,1.215,1.207,19759.0,星期五,0.0,0.005
2023-01-19,1.199,1.207,1.207,1.199,33803.0,星期四,-0.0033,0.0067
2023-01-18,1.203,1.203,1.204,1.201,23080.0,星期三,0.0008,0.0
2023-01-17,1.202,1.202,1.203,1.198,33192.0,星期二,-0.0033,0.0
2023-01-16,1.2,1.206,1.211,1.199,39832.0,星期一,0.0017,0.005
2023-01-13,1.191,1.198,1.198,1.19,11343.0,星期五,0.0042,0.0059
2023-01-12,1.185,1.186,1.186,1.182,23100.0,星期四,-0.0008,0.0008
2023-01-11,1.182,1.186,1.189,1.182,26376.0,星期三,0.0,0.0034
2023-01-10,1.187,1.182,1.189,1.182,36496.0,星期二,-0.0034,-0.0042
2023-01-09,1.188,1.191,1.191,1.185,27092.0,星期一,0.0017,0.0025
2023-01-06,1.187,1.186,1.188,1.184,21778.0,星期五,-0.0025,-0.0008
2023-01-05,1.192,1.19,1.192,1.186,32447.0,星期四,0.0059,-0.0017
2023-01-04,1.177,1.185,1.185,1.177,15732.0,星期三,0.0034,0.0068
2023-01-03,1.161,1.173,1.173,1.161,36283.0,星期二,-0.0085,0.0103
2022-12-30,1.167,1.171,1.174,1.166,44019.0,星期五,0.006,0.0034
2022-12-29,1.161,1.16,1.162,1.156,28524.0,星期四,-0.0051,-0.0009
2022-12-28,1.163,1.167,1.171,1.163,41804.0,星期三,-0.0034,0.0034
2022-12-27,1.144,1.167,1.167,1.144,21009.0,星期二,-0.0069,0.0201
2022-12-26,1.156,1.152,1.157,1.152,19529.0,星期一,-0.0017,-0.0035
2022-12-23,1.157,1.158,1.162,1.155,24745.0,星期五,-0.0026,0.0009
2022-12-22,1.162,1.16,1.171,1.157,21986.0,星期四,0.0035,-0.0017
2022-12-21,1.161,1.158,1.165,1.158,13060.0,星期三,0.0026,-0.0026
2022-12-20,1.164,1.158,1.172,1.155,21624.0,星期二,-0.0043,-0.0052
2022-12-19,1.196,1.169,1.196,1.168,15723.0,星期一,0.0025,-0.0226
2022-12-16,1.186,1.193,1.195,1.185,25835.0,星期五,0.0017,0.0059
2022-12-15,1.187,1.184,1.188,1.183,24045.0,星期四,-0.0017,-0.0025
2022-12-14,1.19,1.189,1.195,1.187,18359.0,星期三,-0.0058,-0.0008
2022-12-13,1.191,1.197,1.197,1.191,9525.0,星期二,0.0017,0.005
2022-12-12,1.199,1.189,1.199,1.189,19247.0,星期一,-0.0025,-0.0083
2022-12-09,1.204,1.202,1.207,1.194,26539.0,星期五,0.0017,-0.0017
2022-12-08,1.2,1.202,1.203,1.197,35910.0,星期四,0.0017,0.0017
2022-12-07,1.202,1.198,1.205,1.195,29987.0,星期三,0.0,-0.0033
2022-12-06,1.207,1.202,1.21,1.2,23622.0,星期二,0.0008,-0.0041
2022-12-05,1.173,1.206,1.207,1.173,16187.0,星期一,0.0009,0.0281
2022-12-02,1.176,1.172,1.176,1.168,24230.0,星期五,0.0,-0.0034
2022-12-01,1.186,1.176,1.19,1.176,26674.0,星期四,0.0076,-0.0084
2022-11-30,1.177,1.177,1.184,1.176,14020.0,星期三,0.0009,0.0
2022-11-29,1.158,1.176,1.18,1.157,16571.0,星期二,0.0078,0.0155
2022-11-28,1.144,1.149,1.151,1.138,32077.0,星期一,-0.0172,0.0044
2022-11-25,1.147,1.164,1.166,1.147,26533.0,星期五,-0.0009,0.0148
2022-11-24,1.146,1.148,1.151,1.141,39084.0,星期四,-0.0017,0.0017
2022-11-23,1.146,1.148,1.156,1.146,18352.0,星期三,0.0035,0.0017
2022-11-22,1.123,1.142,1.147,1.122,54702.0,星期二,0.0036,0.0169
2022-11-21,1.114,1.119,1.119,1.114,4132.0,星期一,-0.0124,0.0045
2022-11-18,1.13,1.128,1.131,1.125,23140.0,星期五,0.0009,-0.0018
2022-11-17,1.128,1.129,1.129,1.123,18232.0,星期四,0.0,0.0009
2022-11-16,1.131,1.128,1.132,1.128,23000.0,星期三,-0.0026,-0.0027
2022-11-15,1.123,1.134,1.136,1.123,24994.0,星期二,-0.0009,0.0098
2022-11-14,1.128,1.124,1.134,1.124,33718.0,星期一,0.0126,-0.0035
2022-11-11,1.107,1.114,1.12,1.103,32008.0,星期五,0.0119,0.0063
2022-11-10,1.089,1.094,1.094,1.089,30970.0,星期四,-0.0027,0.0046
2022-11-09,1.091,1.092,1.096,1.091,9614.0,星期三,0.0009,0.0009
2022-11-08,1.095,1.09,1.095,1.089,19762.0,星期二,0.0,-0.0046
2022-11-07,1.095,1.095,1.096,1.091,30271.0,星期一,0.0009,0.0
2022-11-04,1.081,1.094,1.095,1.081,25608.0,星期五,0.0056,0.012
2022-11-03,1.077,1.075,1.078,1.073,21163.0,星期四,-0.0055,-0.0019
2022-11-02,1.077,1.083,1.083,1.077,12644.0,星期三,-0.0019,0.0056
2022-11-01,1.066,1.079,1.079,1.066,17133.0,星期二,0.0028,0.0122
2022-10-31,1.069,1.063,1.072,1.061,29808.0,星期一,-0.0037,-0.0056
2022-10-28,1.083,1.073,1.086,1.073,24200.0,星期五,-0.0046,-0.0092
2022-10-27,1.089,1.088,1.09,1.087,18516.0,星期四,0.0028,-0.0009
2022-10-26,1.093,1.086,1.095,1.085,23272.0,星期三,0.0064,-0.0064
2022-10-25,1.091,1.086,1.096,1.085,22882.0,星期二,0.0,-0.0046
2022-10-24,1.109,1.091,1.115,1.09,21478.0,星期一,0.0,-0.0162
2022-10-21,1.116,1.109,1.117,1.109,16022.0,星期五,0.0027,-0.0063
2022-10-20,1.111,1.113,1.113,1.11,32061.0,星期四,-0.0027,0.0018
2022-10-19,1.123,1.114,1.123,1.113,7251.0,星期三,0.0,-0.008
2022-10-18,1.127,1.123,1.127,1.121,11045.0,星期二,0.0,-0.0035
2022-10-17,1.124,1.127,1.127,1.121,13301.0,星期一,0.0,0.0027
2022-10-14,1.128,1.124,1.128,1.122,7954.0,星期五,0.0098,-0.0035
2022-10-13,1.116,1.117,1.119,1.114,7441.0,星期四,-0.0053,0.0009
2022-10-12,1.109,1.122,1.122,1.108,22778.0,星期三,-0.0018,0.0117
2022-10-11,1.115,1.111,1.116,1.109,15442.0,星期二,0.0018,-0.0036
2022-10-10,1.117,1.113,1.122,1.111,23490.0,星期一,-0.0009,-0.0036
2022-09-30,1.112,1.118,1.121,1.112,8252.0,星期五,0.0,0.0054
2022-09-29,1.125,1.112,1.125,1.107,24601.0,星期四,0.0054,-0.0116
2022-09-28,1.119,1.119,1.125,1.119,453.0,星期三,-0.0044,0.0
2022-09-27,1.121,1.124,1.124,1.115,6918.0,星期二,0.0018,0.0027
2022-09-26,1.136,1.119,1.136,1.119,30662.0,星期一,-0.0018,-0.015
2022-09-23,1.14,1.138,1.143,1.134,23766.0,星期五,0.008,-0.0018
2022-09-22,1.13,1.131,1.134,1.129,17574.0,星期四,-0.0053,0.0009
2022-09-21,1.128,1.136,1.14,1.127,6212.0,星期三,-0.0062,0.0071
2022-09-20,1.14,1.135,1.14,1.135,8407.0,星期二,0.0009,-0.0044
2022-09-19,1.139,1.139,1.142,1.136,20404.0,星期一,-0.0018,0.0
2022-09-16,1.163,1.141,1.163,1.14,22217.0,星期五,0.0,-0.0189
2022-09-15,1.17,1.163,1.17,1.162,10833.0,星期四,0.0069,-0.006
2022-09-14,1.163,1.162,1.166,1.162,1711.0,星期三,-0.0051,-0.0009
2022-09-13,1.168,1.169,1.176,1.167,18088.0,星期二,-0.0009,0.0009
2022-09-09,1.165,1.169,1.171,1.164,29103.0,星期五,0.0069,0.0034
2022-09-08,1.155,1.157,1.16,1.155,5160.0,星期四,-0.0009,0.0017
2022-09-07,1.155,1.156,1.158,1.154,9340.0,星期三,-0.0052,0.0009
2022-09-06,1.154,1.161,1.162,1.154,7514.0,星期二,0.0,0.0061
2022-09-05,1.145,1.154,1.154,1.145,13373.0,星期一,-0.0026,0.0079
2022-09-02,1.153,1.148,1.153,1.146,953.0,星期五,0.0009,-0.0043
2022-09-01,1.152,1.152,1.155,1.152,3112.0,星期四,0.0,0.0
2022-08-31,1.144,1.152,1.156,1.144,18251.0,星期三,0.0018,0.007
2022-08-30,1.14,1.142,1.142,1.14,3776.0,星期二,0.0009,0.0018
2022-08-29,1.139,1.139,1.139,1.134,15100.0,星期一,-0.0026,0.0
2022-08-26,1.14,1.142,1.143,1.14,10042.0,星期五,-0.0026,0.0018
2022-08-25,1.135,1.143,1.143,1.134,3274.0,星期四,0.0035,0.007
2022-08-24,1.142,1.131,1.142,1.131,7023.0,星期三,0.0044,-0.0096
2022-08-23,1.136,1.137,1.14,1.135,3094.0,星期二,-0.0026,0.0009
2022-08-22,1.138,1.139,1.142,1.138,2721.0,星期一,0.0,0.0009
2022-08-19,1.139,1.138,1.143,1.138,2168.0,星期五,0.0026,-0.0009
2022-08-18,1.142,1.136,1.142,1.136,1092.0,星期四,-0.0035,-0.0053
2022-08-17,1.135,1.146,1.147,1.134,9725.0,星期三,-0.0018,0.0097
2022-08-16,1.142,1.137,1.142,1.137,189.0,星期二,0.0018,-0.0044
2022-08-15,1.145,1.14,1.145,1.139,10043.0,星期一,-0.0009,-0.0044
2022-08-12,1.142,1.146,1.148,1.142,11681.0,星期五,-0.0009,0.0035
2022-08-11,1.131,1.143,1.145,1.131,8498.0,星期四,0.0044,0.0106
2022-08-10,1.13,1.126,1.133,1.125,2290.0,星期三,-0.0018,-0.0035
2022-08-09,1.132,1.132,1.133,1.132,1068.0,星期二,0.0,0.0
2022-08-08,1.133,1.132,1.138,1.131,1595.0,星期一,0.0,-0.0009
2022-08-05,1.123,1.133,1.133,1.123,220.0,星期五,0.0027,0.0089
2022-08-04,1.114,1.12,1.122,1.114,1323.0,星期四,0.0009,0.0054
2022-08-03,1.117,1.113,1.121,1.113,1819.0,星期三,-0.0018,-0.0036
2022-08-02,1.126,1.119,1.126,1.113,12577.0,星期二,-0.0123,-0.0062
2022-08-01,1.14,1.14,1.143,1.138,223.0,星期一,-0.0035,0.0
2022-07-29,1.15,1.144,1.155,1.143,445.0,星期五,-0.0009,-0.0052
2022-07-28,1.154,1.151,1.157,1.151,8037.0,星期四,0.0026,-0.0026
2022-07-27,1.153,1.151,1.153,1.151,1288.0,星期三,-0.0017,-0.0017
2022-07-26,1.154,1.155,1.157,1.154,192.0,星期二,0.0017,0.0009
2022-07-25,1.149,1.152,1.152,1.149,157.0,星期一,-0.0017,0.0026
2022-07-22,1.152,1.151,1.152,1.144,320.0,星期五,0.0044,-0.0009
2022-07-21,1.151,1.147,1.151,1.147,320.0,星期四,-0.0052,-0.0035
2022-07-20,1.157,1.157,1.158,1.156,4194.0,星期三,0.0043,0.0
2022-07-19,1.151,1.152,1.154,1.147,8080.0,星期二,0.0026,0.0009
2022-07-18,1.14,1.148,1.148,1.14,10834.0,星期一,0.0062,0.007
2022-07-15,1.15,1.133,1.15,1.133,15483.0,星期五,0.0009,-0.0148
2022-07-14,1.15,1.149,1.152,1.146,10684.0,星期四,-0.012,-0.0009
2022-07-13,1.168,1.164,1.169,1.161,13368.0,星期三,-0.0026,-0.0034
2022-07-12,1.171,1.171,1.176,1.171,8069.0,星期二,0.0017,0.0
2022-07-11,1.169,1.169,1.17,1.166,4206.0,星期一,0.0,0.0
2022-07-08,1.167,1.169,1.172,1.166,19330.0,星期五,0.0026,0.0017
2022-07-07,1.165,1.164,1.168,1.164,16905.0,星期四,0.0,-0.0009
2022-07-06,1.171,1.165,1.171,1.162,24093.0,星期三,-0.0051,-0.0051
2022-07-05,1.182,1.177,1.183,1.175,5548.0,星期二,0.0025,-0.0042
2022-07-04,1.173,1.179,1.179,1.173,1511.0,星期一,-0.0051,0.0051
2022-07-01,1.178,1.179,1.18,1.177,781.0,星期五,-0.0008,0.0008
2022-06-30,1.175,1.179,1.185,1.175,3453.0,星期四,-0.0025,0.0034
2022-06-29,1.179,1.178,1.187,1.178,17505.0,星期三,-0.0025,-0.0008
2022-06-28,1.174,1.182,1.182,1.173,23729.0,星期二,-0.0034,0.0068
2022-06-27,1.18,1.178,1.182,1.175,10009.0,星期一,0.0043,-0.0017
2022-06-24,1.175,1.175,1.177,1.171,27087.0,星期五,0.0,0.0
2022-06-23,1.166,1.175,1.176,1.166,456.0,星期四,0.0017,0.0077
2022-06-22,1.17,1.164,1.174,1.164,7763.0,星期三,-0.0043,-0.0051
2022-06-21,1.174,1.175,1.179,1.17,2385.0,星期二,0.0043,0.0009
2022-06-20,1.174,1.169,1.174,1.167,12996.0,星期一,0.0017,-0.0043
2022-06-17,1.17,1.172,1.174,1.162,8835.0,星期五,0.0,0.0017
2022-06-16,1.18,1.17,1.182,1.169,12826.0,星期四,-0.0076,-0.0085
2022-06-15,1.168,1.189,1.205,1.168,16957.0,星期三,0.0,0.018
2022-06-14,1.145,1.168,1.169,1.14,1407.0,星期二,0.0026,0.0201
2022-06-13,1.154,1.142,1.178,1.142,884.0,星期一,-0.0052,-0.0104
2022-06-10,1.15,1.16,1.162,1.148,497.0,星期五,-0.0026,0.0087
2022-06-09,1.148,1.153,1.158,1.148,8017.0,星期四,0.0009,0.0044
2022-06-08,1.142,1.147,1.147,1.139,2825.0,星期三,0.0,0.0044
2022-06-07,1.139,1.142,1.145,1.138,1271.0,星期二,0.0009,0.0026
2022-06-06,1.142,1.138,1.142,1.13,322.0,星期一,0.0,-0.0035
2022-06-02,1.138,1.142,1.142,1.138,6561.0,星期四,-0.0061,0.0035
2022-06-01,1.145,1.145,1.147,1.14,9978.0,星期三,-0.0035,0.0
2022-05-31,1.145,1.149,1.149,1.144,11494.0,星期二,0.0,0.0035
2022-05-30,1.151,1.145,1.151,1.143,3974.0,星期一,-0.0009,-0.0052
2022-05-27,1.152,1.152,1.153,1.148,4086.0,星期五,0.0017,0.0
2022-05-26,1.145,1.15,1.153,1.144,2645.0,星期四,0.0035,0.0044
2022-05-25,1.134,1.141,1.141,1.132,6391.0,星期三,0.0018,0.0062
2022-05-24,1.148,1.132,1.148,1.132,294.0,星期二,0.0,-0.0139
2022-05-23,1.154,1.148,1.154,1.147,494.0,星期一,-0.0026,-0.0052
2022-05-20,1.154,1.157,1.162,1.153,668.0,星期五,0.0079,0.0026
2022-05-19,1.154,1.145,1.154,1.137,1421.0,星期四,0.0035,-0.0078
2022-05-18,1.149,1.15,1.15,1.135,556.0,星期三,-0.0009,0.0009
2022-05-17,1.153,1.15,1.153,1.145,2482.0,星期二,0.0,-0.0026
2022-05-16,1.151,1.153,1.156,1.146,771.0,星期一,-0.006,0.0017
2022-05-13,1.155,1.158,1.159,1.153,6747.0,星期五,0.0087,0.0026
2022-05-12,1.144,1.145,1.15,1.139,9442.0,星期四,-0.0035,0.0009
2022-05-11,1.153,1.148,1.155,1.148,8719.0,星期三,0.0,-0.0043
2022-05-10,1.133,1.153,1.153,1.133,1894.0,星期二,-0.0122,0.0177
2022-05-09,1.151,1.147,1.151,1.143,5595.0,星期一,0.0052,-0.0035
2022-05-06,1.155,1.145,1.158,1.144,3870.0,星期五,-0.0145,-0.0087
2022-05-05,1.171,1.172,1.18,1.166,9227.0,星期四,0.0,0.0009
2022-04-29,1.16,1.171,1.178,1.158,6408.0,星期五,0.0009,0.0095
2022-04-28,1.129,1.159,1.163,1.129,2129.0,星期四,-0.0217,0.0266
2022-04-27,1.154,1.154,1.154,1.144,3924.0,星期三,0.0017,0.0
2022-04-26,1.155,1.152,1.168,1.146,15336.0,星期二,-0.0043,-0.0026
2022-04-25,1.216,1.16,1.228,1.16,3217.0,星期一,0.0201,-0.0461
2022-04-22,1.17,1.192,1.192,1.17,949.0,星期五,-0.0009,0.0188
2022-04-21,1.185,1.171,1.189,1.171,3159.0,星期四,0.0017,-0.0118
2022-04-20,1.201,1.183,1.201,1.183,395.0,星期三,0.0008,-0.015
2022-04-19,1.196,1.2,1.203,1.195,120.0,星期二,0.0017,0.0033
2022-04-18,1.203,1.194,1.204,1.194,1395.0,星期一,-0.0091,-0.0075
2022-04-15,1.212,1.214,1.221,1.211,1161.0,星期五,0.0008,0.0017
2022-04-14,1.208,1.211,1.215,1.206,455.0,星期四,0.0025,0.0025
2022-04-13,1.204,1.205,1.215,1.204,351.0,星期三,-0.0058,0.0008
2022-04-12,1.202,1.211,1.218,1.199,150.0,星期二,-0.0041,0.0075
2022-04-11,1.212,1.207,1.214,1.207,1133.0,星期一,-0.0049,-0.0041
2022-04-08,1.209,1.218,1.224,1.205,911.0,星期五,0.0,0.0074
2022-04-07,1.224,1.209,1.224,1.209,1730.0,星期四,0.0,-0.0123
2022-04-06,1.208,1.224,1.228,1.208,1470.0,星期三,0.0008,0.0132
2022-04-01,1.195,1.207,1.207,1.193,420.0,星期五,0.0,0.01
2022-03-31,1.191,1.195,1.2,1.191,463.0,星期四,0.0042,0.0034
2022-03-30,1.174,1.186,1.188,1.17,528.0,星期三,0.0051,0.0102
2022-03-29,1.168,1.168,1.17,1.167,194.0,星期二,0.0,0.0
2022-03-28,1.148,1.168,1.169,1.145,9724.0,星期一,-0.0078,0.0174
2022-03-25,1.16,1.157,1.16,1.154,2257.0,星期五,0.0,-0.0026
2022-03-24,1.163,1.16,1.166,1.158,717.0,星期四,0.0035,-0.0026
2022-03-23,1.157,1.159,1.159,1.148,1002.0,星期三,0.0,0.0017
2022-03-22,1.148,1.157,1.16,1.148,1278.0,星期二,0.0044,0.0078
2022-03-21,1.148,1.143,1.148,1.139,1301.0,星期一,-0.0017,-0.0044
2022-03-18,1.127,1.15,1.151,1.127,31181.0,星期五,0.0027,0.0204
2022-03-17,1.125,1.124,1.131,1.119,13636.0,星期四,0.009,-0.0009
2022-03-16,1.095,1.115,1.117,1.076,9612.0,星期三,0.0074,0.0183
2022-03-15,1.14,1.087,1.14,1.087,8690.0,星期二,0.0,-0.0465
2022-03-14,1.154,1.14,1.154,1.139,212.0,星期一,0.0009,-0.0121
2022-03-11,1.143,1.153,1.153,1.086,4184.0,星期五,-0.0044,0.0087
2022-03-10,1.15,1.148,1.16,1.147,21990.0,星期四,0.0035,-0.0017
2022-03-09,1.17,1.146,1.17,1.121,1749.0,星期三,0.0069,-0.0205
2022-03-08,1.185,1.162,1.185,1.162,2012.0,星期二,-0.0025,-0.0194
2022-03-07,1.201,1.188,1.201,1.188,1916.0,星期一,0.0017,-0.0108
2022-03-04,1.209,1.199,1.209,1.194,2125.0,星期五,0.0,-0.0083
2022-03-03,1.204,1.209,1.209,1.204,1360.0,星期四,0.0067,0.0042
2022-03-02,1.196,1.196,1.196,1.192,367.0,星期三,0.0025,0.0
2022-03-01,1.185,1.193,1.196,1.184,627.0,星期二,0.0,0.0068
2022-02-28,1.185,1.185,1.185,1.177,649.0,星期一,0.0,0.0
2022-02-25,1.194,1.185,1.194,1.181,1041.0,星期五,0.0067,-0.0075
2022-02-24,1.21,1.186,1.21,1.185,4945.0,星期四,0.0,-0.0198
2022-02-23,1.21,1.21,1.213,1.204,2845.0,星期三,-0.0041,0.0
2022-02-22,1.216,1.215,1.218,1.208,728.0,星期二,-0.0065,-0.0008
2022-02-21,1.229,1.224,1.229,1.218,1755.0,星期一,0.0008,-0.0041
2022-02-18,1.216,1.228,1.23,1.215,1191.0,星期五,0.0008,0.0099
2022-02-17,1.226,1.215,1.226,1.215,3781.0,星期四,0.0033,-0.009
2022-02-16,1.221,1.222,1.225,1.216,947.0,星期三,0.0058,0.0008
2022-02-15,1.219,1.214,1.221,1.209,3114.0,星期二,-0.0016,-0.0041
2022-02-14,1.246,1.221,1.246,1.219,4750.0,星期一,0.0,-0.0201
2022-02-11,1.239,1.246,1.257,1.239,35431.0,星期五,-0.0008,0.0056
2022-02-10,1.23,1.24,1.241,1.23,2124.0,星期四,0.0,0.0081
2022-02-09,1.231,1.23,1.237,1.226,2316.0,星期三,0.0008,-0.0008
2022-02-08,1.207,1.23,1.23,1.207,1300.0,星期二,-0.0033,0.0191
2022-02-07,1.179,1.211,1.211,1.179,1323.0,星期一,0.0,0.0271
2022-01-28,1.19,1.179,1.19,1.179,5169.0,星期五,0.0,-0.0092
2022-01-27,1.194,1.19,1.196,1.19,328.0,星期四,-0.0042,-0.0034
2022-01-26,1.194,1.199,1.199,1.189,5423.0,星期三,0.0,0.0042
2022-01-25,1.2,1.194,1.206,1.194,403.0,星期二,-0.0115,-0.005
2022-01-24,1.213,1.214,1.22,1.209,7361.0,星期一,0.0025,0.0008
2022-01-21,1.216,1.21,1.216,1.21,4753.0,星期五,-0.0065,-0.0049
2022-01-20,1.222,1.224,1.229,1.22,7027.0,星期四,0.0091,0.0016
2022-01-19,1.215,1.211,1.215,1.211,4232.0,星期三,0.0041,-0.0033
2022-01-18,1.192,1.21,1.211,1.191,19149.0,星期二,0.0025,0.0151
2022-01-17,1.19,1.189,1.194,1.188,28767.0,星期一,0.0,-0.0008
2022-01-14,1.214,1.19,1.214,1.19,4667.0,星期五,0.0,-0.0198
2022-01-13,1.225,1.214,1.226,1.211,21399.0,星期四,0.0074,-0.009
2022-01-12,1.221,1.216,1.221,1.207,2054.0,星期三,0.0,-0.0041
2022-01-11,1.219,1.221,1.233,1.219,3076.0,星期二,-0.0016,0.0016
2022-01-10,1.218,1.221,1.224,1.215,11546.0,星期一,0.0033,0.0025
2022-01-07,1.192,1.214,1.219,1.192,2524.0,星期五,-0.0042,0.0185
2022-01-06,1.198,1.197,1.202,1.197,21936.0,星期四,-0.0017,-0.0008
2022-01-05,1.198,1.2,1.208,1.197,2541.0,星期三,0.0025,0.0017
2022-01-04,1.188,1.195,1.198,1.188,19574.0,星期二,0.0,0.0059
2021-12-31,1.185,1.188,1.188,1.185,597.0,星期五,0.0042,0.0025
2021-12-30,1.18,1.18,1.183,1.18,1085.0,星期四,0.0017,0.0
2021-12-29,1.182,1.178,1.182,1.178,341.0,星期三,-0.0008,-0.0034
2021-12-28,1.184,1.183,1.184,1.18,2967.0,星期二,0.0,-0.0008
2021-12-27,1.184,1.184,1.185,1.181,2994.0,星期一,0.0025,0.0
2021-12-24,1.183,1.181,1.183,1.178,6070.0,星期五,0.0008,-0.0017
2021-12-23,1.179,1.182,1.182,1.179,4860.0,星期四,0.0,0.0025
2021-12-22,1.185,1.179,1.185,1.177,11602.0,星期三,0.0,-0.0051
2021-12-21,1.171,1.185,1.185,1.171,8594.0,星期二,0.0,0.012
2021-12-20,1.171,1.171,1.174,1.169,14996.0,星期一,0.0,0.0
2021-12-17,1.175,1.171,1.175,1.171,4869.0,星期五,0.0017,-0.0034
2021-12-16,1.166,1.173,1.173,1.164,35008.0,星期四,0.0,0.006
2021-12-15,1.162,1.166,1.168,1.162,11063.0,星期三,-0.0026,0.0034
2021-12-14,1.171,1.165,1.171,1.163,5826.0,星期二,-0.0051,-0.0051
2021-12-13,1.138,1.177,1.186,1.138,9487.0,星期一,-0.0274,0.0343
2021-12-10,1.183,1.17,1.183,1.17,17050.0,星期五,0.0017,-0.011
2021-12-09,1.173,1.181,1.185,1.173,9185.0,星期四,0.0009,0.0068
2021-12-08,1.173,1.172,1.173,1.165,17692.0,星期三,0.0017,-0.0009
2021-12-07,1.16,1.171,1.171,1.16,18643.0,星期二,0.0,0.0095
2021-12-06,1.157,1.16,1.171,1.157,15972.0,星期一,-0.0026,0.0026
2021-12-03,1.138,1.16,1.16,1.138,24446.0,星期五,-0.0044,0.0193
2021-12-02,1.135,1.143,1.143,1.135,12618.0,星期四,0.0027,0.007
2021-12-01,1.123,1.132,1.134,1.123,543.0,星期三,0.0,0.008
2021-11-30,1.125,1.123,1.125,1.12,4192.0,星期二,0.0036,-0.0018
2021-11-29,1.123,1.121,1.123,1.118,2744.0,星期一,-0.0009,-0.0018
2021-11-26,1.13,1.124,1.13,1.124,284.0,星期五,-0.0062,-0.0053
2021-11-25,1.136,1.137,1.138,1.135,4208.0,星期四,0.0018,0.0009
2021-11-24,1.136,1.134,1.136,1.131,2433.0,星期三,0.0,-0.0018
2021-11-23,1.129,1.136,1.137,1.129,4945.0,星期二,0.0,0.0062
2021-11-22,1.133,1.129,1.133,1.127,2647.0,星期一,-0.0009,-0.0035
2021-11-19,1.118,1.134,1.134,1.118,11024.0,星期五,-0.0045,0.0143
2021-11-18,1.123,1.123,1.126,1.121,4210.0,星期四,0.0,0.0
2021-11-17,1.126,1.123,1.128,1.123,4716.0,星期三,-0.0018,-0.0027
2021-11-16,1.129,1.128,1.133,1.128,14727.0,星期二,0.0,-0.0009
2021-11-15,1.13,1.129,1.13,1.124,5656.0,星期一,0.0,-0.0009
2021-11-12,1.134,1.13,1.134,1.126,3176.0,星期五,0.0,-0.0035
2021-11-11,1.118,1.134,1.134,1.118,6779.0,星期四,0.0045,0.0143
2021-11-10,1.11,1.113,1.114,1.103,5500.0,星期三,-0.0072,0.0027
2021-11-09,1.122,1.118,1.122,1.115,1628.0,星期二,0.0036,-0.0036
2021-11-08,1.118,1.118,1.123,1.118,2965.0,星期一,-0.0027,0.0
2021-11-05,1.131,1.121,1.131,1.12,4207.0,星期五,-0.0044,-0.0088
2021-11-04,1.139,1.136,1.139,1.132,7849.0,星期四,-0.0009,-0.0026
2021-11-03,1.139,1.14,1.141,1.136,8568.0,星期三,0.0062,0.0009
2021-11-02,1.153,1.132,1.153,1.125,12895.0,星期二,0.0,-0.0182
2021-11-01,1.15,1.153,1.154,1.15,4433.0,星期一,0.0,0.0026
2021-10-29,1.145,1.15,1.151,1.14,1170.0,星期五,-0.0043,0.0044
2021-10-28,1.16,1.15,1.16,1.15,6444.0,星期四,0.0,-0.0086
2021-10-27,1.172,1.16,1.172,1.16,4127.0,星期三,0.0,-0.0102
2021-10-26,1.176,1.172,1.18,1.172,2647.0,星期二,0.0017,-0.0034
2021-10-25,1.164,1.174,1.174,1.161,12388.0,星期一,-0.0009,0.0086
2021-10-22,1.178,1.165,1.178,1.165,6694.0,星期五,0.0043,-0.011
2021-10-21,1.167,1.173,1.177,1.167,9088.0,星期四,-0.0009,0.0051
2021-10-20,1.172,1.168,1.172,1.164,4488.0,星期三,0.0043,-0.0034
2021-10-19,1.16,1.167,1.172,1.16,11849.0,星期二,-0.0043,0.006
2021-10-18,1.161,1.165,1.165,1.157,9673.0,星期一,0.0026,0.0034
2021-10-15,1.154,1.158,1.158,1.154,10877.0,星期五,-0.0009,0.0035
2021-10-14,1.161,1.155,1.161,1.155,484.0,星期四,-0.0017,-0.0052
2021-10-13,1.17,1.163,1.17,1.15,11827.0,星期三,0.0,-0.006
2021-10-12,1.188,1.17,1.188,1.165,9578.0,星期二,0.0,-0.0152
2021-10-11,1.196,1.188,1.197,1.188,18656.0,星期一,0.0042,-0.0067
2021-10-08,1.187,1.191,1.237,1.185,898.0,星期五,-0.0017,0.0034
2021-09-30,1.187,1.189,1.189,1.172,4545.0,星期四,-0.0017,0.0017
2021-09-29,1.197,1.189,1.197,1.18,6949.0,星期三,-0.0042,-0.0067
2021-09-28,1.173,1.202,1.202,1.173,8103.0,星期二,-0.0042,0.0247
2021-09-27,1.196,1.178,1.2,1.174,6239.0,星期一,0.0,-0.0151
2021-09-24,1.215,1.196,1.218,1.194,5787.0,星期五,-0.0016,-0.0156
2021-09-23,1.204,1.217,1.228,1.204,6728.0,星期四,0.0,0.0108
2021-09-22,1.172,1.204,1.205,1.172,35531.0,星期三,-0.0059,0.0273
2021-09-17,1.178,1.179,1.183,1.169,7769.0,星期五,0.0043,0.0008
2021-09-16,1.188,1.173,1.188,1.172,14676.0,星期四,0.0042,-0.0126
2021-09-15,1.186,1.183,1.193,1.179,7374.0,星期三,-0.0042,-0.0025
2021-09-14,1.214,1.191,1.214,1.187,9894.0,星期二,-0.0057,-0.0189
2021-09-13,1.206,1.221,1.222,1.205,3874.0,星期一,-0.0033,0.0124
2021-09-10,1.206,1.21,1.232,1.206,12703.0,星期五,-0.0058,0.0033
2021-09-09,1.204,1.213,1.213,1.192,15138.0,星期四,0.0008,0.0075
2021-09-08,1.19,1.203,1.204,1.19,12426.0,星期三,0.0,0.0109
2021-09-07,1.174,1.19,1.19,1.163,10401.0,星期二,0.0,0.0136
2021-09-06,1.162,1.174,1.181,1.162,41195.0,星期一,0.0035,0.0103
2021-09-03,1.16,1.158,1.168,1.155,6024.0,星期五,0.0017,-0.0017
2021-09-02,1.141,1.158,1.158,1.141,12198.0,星期四,0.0,0.0149
2021-09-01,1.11,1.141,1.148,1.11,42672.0,星期三,0.0,0.0279
2021-08-31,1.1,1.11,1.11,1.092,976.0,星期二,0.0064,0.0091
2021-08-30,1.096,1.093,1.096,1.09,1551.0,星期一,-0.0054,-0.0027
2021-08-27,1.1,1.102,1.105,1.097,1175.0,星期五,0.0,0.0018
2021-08-26,1.104,1.1,1.104,1.098,10104.0,星期四,0.0,-0.0036
2021-08-25,1.102,1.104,1.106,1.101,4273.0,星期三,-0.0054,0.0018
2021-08-24,1.103,1.108,1.109,1.098,13653.0,星期二,0.0009,0.0045
2021-08-23,1.096,1.102,1.103,1.096,2624.0,星期一,-0.0009,0.0055
2021-08-20,1.101,1.097,1.101,1.093,2270.0,星期五,0.0,-0.0036
2021-08-19,1.113,1.101,1.113,1.098,24067.0,星期四,0.0,-0.0108
2021-08-18,1.093,1.113,1.114,1.093,18626.0,星期三,0.0009,0.0183
2021-08-17,1.099,1.092,1.108,1.092,9343.0,星期二,0.0009,-0.0064
2021-08-16,1.091,1.098,1.1,1.091,444.0,星期一,0.0009,0.0064
2021-08-13,1.09,1.09,1.094,1.088,852.0,星期五,-0.0046,0.0
2021-08-12,1.097,1.095,1.098,1.094,12948.0,星期四,-0.0027,-0.0018
2021-08-11,1.095,1.1,1.107,1.095,1281.0,星期三,0.0027,0.0046
2021-08-10,1.086,1.092,1.092,1.079,519.0,星期二,0.0,0.0055
2021-08-09,1.069,1.086,1.091,1.069,1120.0,星期一,0.0019,0.0159
2021-08-06,1.069,1.067,1.069,1.064,801.0,星期五,-0.0019,-0.0019
2021-08-05,1.073,1.071,1.077,1.071,8774.0,星期四,-0.0009,-0.0019
2021-08-04,1.072,1.074,1.074,1.07,20566.0,星期三,-0.0037,0.0019
2021-08-03,1.078,1.076,1.078,1.069,4389.0,星期二,0.0056,-0.0019
2021-08-02,1.055,1.072,1.078,1.053,7747.0,星期一,0.0,0.0161
2021-07-30,1.053,1.055,1.059,1.048,840.0,星期五,-0.0019,0.0019
2021-07-29,1.061,1.055,1.062,1.054,3936.0,星期四,0.0019,-0.0057
2021-07-28,1.06,1.059,1.061,1.053,4738.0,星期三,0.0009,-0.0009
2021-07-27,1.079,1.059,1.079,1.058,6306.0,星期二,0.0,-0.0185
2021-07-26,1.097,1.079,1.097,1.076,18280.0,星期一,0.0009,-0.0164
2021-07-23,1.098,1.096,1.098,1.091,35696.0,星期五,0.0,-0.0018
2021-07-22,1.09,1.098,1.1,1.09,1360.0,星期四,-0.0009,0.0073
2021-07-21,1.096,1.091,1.099,1.09,1651.0,星期三,0.0,-0.0046
2021-07-20,1.1,1.096,1.1,1.09,639.0,星期二,0.0,-0.0036
2021-07-19,1.101,1.1,1.101,1.09,1333.0,星期一,-0.0009,-0.0009
2021-07-16,1.106,1.102,1.106,1.102,3747.0,星期五,0.0,-0.0036
2021-07-15,1.095,1.106,1.106,1.095,1567.0,星期四,-0.0027,0.01
2021-07-14,1.105,1.098,1.106,1.097,12271.0,星期三,-0.0045,-0.0063
2021-07-13,1.108,1.11,1.115,1.104,24577.0,星期二,0.0,0.0018
2021-07-12,1.113,1.108,1.116,1.106,14860.0,星期一,0.0018,-0.0045
2021-07-09,1.115,1.111,1.116,1.107,15157.0,星期五,0.0,-0.0036
2021-07-08,1.127,1.115,1.128,1.114,879.0,星期四,0.0,-0.0106
2021-07-07,1.131,1.127,1.131,1.125,7970.0,星期三,0.0,-0.0035
2021-07-06,1.121,1.131,1.131,1.121,16211.0,星期二,-0.0018,0.0089
2021-07-05,1.121,1.123,1.123,1.118,5083.0,星期一,-0.0036,0.0018
2021-07-02,1.136,1.125,1.136,1.125,9027.0,星期五,0.0009,-0.0097
2021-07-01,1.13,1.135,1.14,1.13,19611.0,星期四,0.0,0.0044
2021-06-30,1.13,1.13,1.131,1.126,9837.0,星期三,0.0018,0.0
2021-06-29,1.135,1.128,1.135,1.127,9456.0,星期二,0.0,-0.0062
2021-06-28,1.134,1.135,1.137,1.132,12995.0,星期一,0.0,0.0009
2021-06-25,1.132,1.134,1.136,1.13,1090.0,星期五,0.0044,0.0018
2021-06-24,1.124,1.127,1.129,1.121,996.0,星期四,0.0027,0.0027
2021-06-23,1.12,1.121,1.123,1.119,1438.0,星期三,-0.0018,0.0009
2021-06-22,1.119,1.122,1.124,1.119,649.0,星期二,0.0036,0.0027
2021-06-21,1.119,1.115,1.119,1.112,4840.0,星期一,0.0,-0.0036
2021-06-18,1.128,1.119,1.128,1.119,754.0,星期五,0.0,-0.008
2021-06-17,1.133,1.128,1.135,1.128,1024.0,星期四,-0.0018,-0.0044
2021-06-16,1.131,1.135,1.138,1.129,24778.0,星期三,0.0018,0.0035
2021-06-15,1.145,1.129,1.145,1.128,1048.0,星期二,0.0009,-0.014
2021-06-11,1.148,1.144,1.15,1.142,9662.0,星期五,0.0017,-0.0035
2021-06-10,1.149,1.146,1.155,1.146,12989.0,星期四,0.0009,-0.0026
2021-06-09,1.145,1.148,1.149,1.145,22720.0,星期三,0.0,0.0026
2021-06-08,1.146,1.145,1.146,1.142,1436.0,星期二,0.0,-0.0009
2021-06-07,1.147,1.146,1.147,1.144,5624.0,星期一,0.0009,-0.0009
2021-06-04,1.147,1.146,1.155,1.145,26070.0,星期五,-0.0035,-0.0009
2021-06-03,1.148,1.151,1.155,1.148,4638.0,星期四,0.0,0.0026
2021-06-02,1.149,1.148,1.149,1.144,2385.0,星期三,0.0009,-0.0009
2021-06-01,1.151,1.148,1.151,1.141,12684.0,星期二,0.0,-0.0026
2021-05-31,1.149,1.151,1.151,1.145,29212.0,星期一,-0.0061,0.0017
2021-05-28,1.159,1.156,1.162,1.152,2012.0,星期五,0.0,-0.0026
2021-05-27,1.155,1.159,1.161,1.155,10872.0,星期四,-0.0017,0.0035
2021-05-26,1.15,1.157,1.161,1.148,16205.0,星期三,0.0009,0.0061
2021-05-25,1.13,1.149,1.15,1.128,11175.0,星期二,0.0,0.0168
2021-05-24,1.133,1.13,1.136,1.128,21579.0,星期一,0.0,-0.0026
2021-05-21,1.136,1.133,1.136,1.131,38829.0,星期五,0.0,-0.0026
2021-05-20,1.129,1.136,1.136,1.129,1368.0,星期四,-0.007,0.0062
2021-05-19,1.148,1.137,1.148,1.134,10131.0,星期三,0.0,-0.0096
2021-05-18,1.147,1.148,1.148,1.143,25687.0,星期二,0.0026,0.0009
2021-05-17,1.14,1.144,1.148,1.14,19126.0,星期一,-0.0009,0.0035
2021-05-14,1.134,1.141,1.142,1.131,11787.0,星期五,-0.0009,0.0062
2021-05-13,1.136,1.135,1.139,1.132,10218.0,星期四,-0.0044,-0.0009
2021-05-12,1.139,1.141,1.143,1.135,1882.0,星期三,0.0,0.0018
2021-05-11,1.138,1.139,1.139,1.128,9351.0,星期二,0.0018,0.0009
2021-05-10,1.131,1.136,1.136,1.128,25429.0,星期一,-0.0009,0.0044
2021-05-07,1.12,1.132,1.139,1.115,6980.0,星期五,-0.0044,0.0107
2021-05-06,1.119,1.125,1.13,1.119,29057.0,星期四,0.0018,0.0054
2021-04-30,1.133,1.117,1.133,1.113,1069.0,星期五,-0.0009,-0.0141
2021-04-29,1.12,1.134,1.134,1.12,23002.0,星期四,0.0,0.0125
2021-04-28,1.116,1.12,1.12,1.115,5020.0,星期三,0.0009,0.0036
2021-04-27,1.12,1.115,1.122,1.113,12051.0,星期二,-0.0009,-0.0045
2021-04-26,1.131,1.121,1.134,1.119,12403.0,星期一,0.0018,-0.0088
2021-04-23,1.134,1.129,1.134,1.124,8292.0,星期五,0.0009,-0.0044
2021-04-22,1.138,1.133,1.139,1.131,17615.0,星期四,0.0,-0.0044
2021-04-21,1.139,1.138,1.139,1.134,6498.0,星期三,0.0009,-0.0009
2021-04-20,1.139,1.138,1.142,1.138,1573.0,星期二,-0.0035,-0.0009
2021-04-19,1.137,1.143,1.144,1.135,15497.0,星期一,0.0,0.0053
2021-04-16,1.132,1.137,1.137,1.132,1559.0,星期五,0.0009,0.0044
2021-04-15,1.135,1.131,1.135,1.127,16600.0,星期四,-0.0018,-0.0035
2021-04-14,1.138,1.137,1.14,1.133,10719.0,星期三,0.0,-0.0009
2021-04-13,1.152,1.138,1.152,1.136,9114.0,星期二,0.0044,-0.0122
2021-04-12,1.146,1.147,1.153,1.145,5403.0,星期一,0.0,0.0009
2021-04-09,1.15,1.146,1.15,1.144,2017.0,星期五,0.0009,-0.0035
2021-04-08,1.156,1.149,1.156,1.148,3137.0,星期四,0.0017,-0.0061
2021-04-07,1.151,1.154,1.156,1.148,1955.0,星期三,0.0009,0.0026
2021-04-06,1.153,1.15,1.153,1.149,5733.0,星期二,0.0009,-0.0026
2021-04-02,1.16,1.152,1.16,1.152,7338.0,星期五,-0.0017,-0.0069
2021-04-01,1.165,1.162,1.165,1.157,1140.0,星期四,0.0,-0.0026
2021-03-31,1.154,1.165,1.165,1.154,5921.0,星期三,-0.0009,0.0095
2021-03-30,1.151,1.155,1.155,1.147,352.0,星期二,0.0,0.0035
2021-03-29,1.148,1.151,1.152,1.148,1200.0,星期一,0.0053,0.0026
2021-03-26,1.136,1.142,1.143,1.136,21686.0,星期五,0.0026,0.0053
2021-03-25,1.14,1.133,1.14,1.131,9359.0,星期四,0.0009,-0.0061
2021-03-24,1.148,1.139,1.149,1.136,1386.0,星期三,-0.0009,-0.0078
2021-03-23,1.163,1.149,1.163,1.146,3147.0,星期二,0.0,-0.012
2021-03-22,1.145,1.163,1.163,1.145,5054.0,星期一,0.0009,0.0157
2021-03-19,1.163,1.144,1.163,1.14,5660.0,星期五,0.0,-0.0163
2021-03-18,1.161,1.163,1.166,1.158,24856.0,星期四,-0.0009,0.0017
2021-03-17,1.176,1.162,1.176,1.156,69685.0,星期三,0.0009,-0.0119
2021-03-16,1.174,1.175,1.18,1.165,117371.0,星期二,0.0017,0.0009
2021-03-15,1.167,1.172,1.176,1.165,37309.0,星期一,0.0009,0.0043
2021-03-12,1.148,1.166,1.17,1.145,25487.0,星期五,0.0,0.0157
2021-03-11,1.128,1.148,1.148,1.128,17710.0,星期四,0.0009,0.0177
2021-03-10,1.133,1.127,1.136,1.127,6154.0,星期三,0.0,-0.0053
2021-03-09,1.142,1.133,1.145,1.128,4063.0,星期二,0.0,-0.0079
2021-03-08,1.143,1.142,1.157,1.142,24794.0,星期一,0.0009,-0.0009
2021-03-05,1.146,1.142,1.146,1.13,25759.0,星期五,0.0,-0.0035
2021-03-04,1.148,1.146,1.152,1.142,50368.0,星期四,-0.0017,-0.0017
2021-03-03,1.124,1.15,1.15,1.124,16867.0,星期三,0.0,0.0231
2021-03-02,1.135,1.124,1.138,1.117,15142.0,星期二,0.0009,-0.0097
2021-03-01,1.13,1.134,1.134,1.128,19878.0,星期一,0.0009,0.0035
2021-02-26,1.156,1.129,1.156,1.128,26832.0,星期五,0.0,-0.0234
2021-02-25,1.135,1.156,1.16,1.135,36467.0,星期四,0.0009,0.0185
2021-02-24,1.149,1.134,1.15,1.127,24654.0,星期三,0.0026,-0.0131
2021-02-23,1.152,1.146,1.158,1.146,13962.0,星期二,0.0,-0.0052
2021-02-22,1.146,1.152,1.164,1.146,26269.0,星期一,-0.0009,0.0052
2021-02-19,1.133,1.147,1.147,1.129,21617.0,星期五,0.0,0.0124
2021-02-18,1.117,1.133,1.139,1.117,20705.0,星期四,0.0009,0.0143
2021-02-10,1.117,1.116,1.118,1.109,10538.0,星期三,0.0063,-0.0009
2021-02-09,1.102,1.11,1.11,1.098,34322.0,星期二,0.0,0.0073
2021-02-08,1.099,1.102,1.105,1.094,2554.0,星期一,0.0009,0.0027
2021-02-05,1.081,1.098,1.103,1.081,12304.0,星期五,0.0009,0.0157
2021-02-04,1.085,1.08,1.085,1.074,5330.0,星期四,0.0,-0.0046
2021-02-03,1.089,1.085,1.089,1.082,17916.0,星期三,0.0,-0.0037
2021-02-02,1.09,1.089,1.095,1.086,33091.0,星期二,0.0,-0.0009
2021-02-01,1.083,1.09,1.09,1.077,25179.0,星期一,0.0009,0.0065
2021-01-29,1.085,1.082,1.091,1.077,19503.0,星期五,0.0,-0.0028
2021-01-28,1.101,1.085,1.101,1.084,13592.0,星期四,0.0,-0.0145
2021-01-27,1.092,1.101,1.105,1.092,25359.0,星期三,-0.0009,0.0082
2021-01-26,1.097,1.093,1.101,1.092,28073.0,星期二,0.0027,-0.0036
2021-01-25,1.103,1.094,1.103,1.09,23681.0,星期一,0.0009,-0.0082
2021-01-22,1.12,1.102,1.12,1.099,15128.0,星期五,0.0009,-0.0161
2021-01-21,1.116,1.119,1.122,1.113,28544.0,星期四,0.0,0.0027
2021-01-20,1.124,1.116,1.125,1.115,13590.0,星期三,-0.0009,-0.0071
2021-01-19,1.123,1.125,1.132,1.117,23250.0,星期二,-0.0027,0.0018
2021-01-18,1.124,1.126,1.127,1.117,26148.0,星期一,0.0,0.0018
2021-01-15,1.125,1.124,1.136,1.122,25682.0,星期五,0.0009,-0.0009
2021-01-14,1.115,1.124,1.136,1.111,16473.0,星期四,0.0,0.0081
2021-01-13,1.099,1.115,1.119,1.095,20081.0,星期三,0.0,0.0146
2021-01-12,1.088,1.099,1.1,1.087,27331.0,星期二,0.0,0.0101
2021-01-11,1.101,1.088,1.105,1.088,45402.0,星期一,0.0009,-0.0118
2021-01-08,1.094,1.1,1.102,1.094,31689.0,星期五,-0.0009,0.0055
2021-01-07,1.091,1.095,1.097,1.085,18771.0,星期四,0.0009,0.0037
2021-01-06,1.077,1.09,1.09,1.077,42454.0,星期三,0.0,0.0121
2021-01-05,1.081,1.077,1.081,1.065,36802.0,星期二,-0.0009,-0.0037
2021-01-04,1.083,1.082,1.083,1.071,8630.0,星期一,0.0,-0.0009
2020-12-31,1.074,1.083,1.084,1.074,33478.0,星期四,0.0009,0.0084
2020-12-30,1.073,1.073,1.075,1.07,2315.0,星期三,0.0009,0.0
2020-12-29,1.075,1.072,1.091,1.071,5235.0,星期二,0.0009,-0.0028
2020-12-28,1.077,1.074,1.078,1.072,13692.0,星期一,-0.0009,-0.0028
2020-12-25,1.066,1.078,1.079,1.065,25664.0,星期五,-0.0009,0.0113
2020-12-24,1.07,1.067,1.075,1.066,28576.0,星期四,0.0,-0.0028
2020-12-23,1.069,1.07,1.072,1.066,22668.0,星期三,0.0,0.0009
2020-12-22,1.086,1.069,1.086,1.069,23090.0,星期二,-0.0009,-0.0157
2020-12-21,1.09,1.087,1.092,1.085,47747.0,星期一,-0.0018,-0.0028
2020-12-18,1.09,1.092,1.098,1.09,27853.0,星期五,0.0,0.0018
2020-12-17,1.081,1.09,1.091,1.076,5177.0,星期四,0.0,0.0083
2020-12-16,1.083,1.081,1.085,1.079,7770.0,星期三,0.0019,-0.0018
2020-12-15,1.086,1.081,1.086,1.075,49768.0,星期二,-0.0009,-0.0046
2020-12-14,1.09,1.087,1.09,1.082,51474.0,星期一,0.0,-0.0028
2020-12-11,1.1,1.09,1.1,1.084,3572.0,星期五,0.0027,-0.0091
2020-12-10,1.101,1.097,1.101,1.095,8750.0,星期四,0.0009,-0.0036
2020-12-09,1.106,1.1,1.112,1.1,33566.0,星期三,0.0,-0.0054
2020-12-08,1.112,1.106,1.116,1.104,37956.0,星期二,0.0,-0.0054
2020-12-07,1.129,1.112,1.129,1.112,23732.0,星期一,0.0,-0.0151
2020-12-04,1.14,1.129,1.14,1.123,8452.0,星期五,-0.0009,-0.0096
2020-12-03,1.15,1.141,1.15,1.135,1509.0,星期四,0.0017,-0.0078
2020-12-02,1.15,1.148,1.155,1.143,37606.0,星期三,0.0,-0.0017
2020-12-01,1.125,1.15,1.151,1.125,11563.0,星期二,-0.0132,0.0222
2020-11-30,1.14,1.14,1.169,1.138,11623.0,星期一,0.0,0.0
2020-11-27,1.124,1.14,1.14,1.124,35168.0,星期五,-0.0009,0.0142
2020-11-26,1.12,1.125,1.126,1.113,12127.0,星期四,0.0009,0.0045
2020-11-25,1.126,1.119,1.134,1.119,33497.0,星期三,0.0009,-0.0062
2020-11-24,1.129,1.125,1.129,1.123,27976.0,星期二,0.0009,-0.0035
2020-11-23,1.112,1.128,1.132,1.111,30026.0,星期一,0.0,0.0144
2020-11-20,1.11,1.112,1.112,1.104,27670.0,星期五,-0.0009,0.0018
2020-11-19,1.111,1.111,1.112,1.106,13447.0,星期四,0.0027,0.0
2020-11-18,1.1,1.108,1.114,1.1,23931.0,星期三,0.0,0.0073
2020-11-17,1.1,1.1,1.103,1.096,35577.0,星期二,0.0036,0.0
2020-11-16,1.089,1.096,1.096,1.087,12551.0,星期一,0.0037,0.0064
2020-11-13,1.08,1.085,1.088,1.08,18027.0,星期五,-0.0155,0.0046
2020-11-12,1.099,1.097,1.102,1.096,2942.0,星期四,-0.0045,-0.0018
2020-11-11,1.095,1.104,1.11,1.095,14714.0,星期三,-0.0009,0.0082
2020-11-10,1.099,1.096,1.107,1.094,64407.0,星期二,0.0009,-0.0027
2020-11-09,1.092,1.098,1.1,1.092,39078.0,星期一,0.0046,0.0055
2020-11-06,1.082,1.087,1.088,1.082,52076.0,星期五,0.0,0.0046
2020-11-05,1.08,1.082,1.082,1.076,30450.0,星期四,0.0075,0.0019
2020-11-04,1.067,1.072,1.072,1.066,14207.0,星期三,0.0,0.0047
2020-11-03,1.063,1.067,1.07,1.063,17388.0,星期二,0.0076,0.0038
2020-11-02,1.053,1.055,1.059,1.053,28267.0,星期一,0.001,0.0019
2020-10-30,1.058,1.052,1.066,1.05,31661.0,星期五,-0.0009,-0.0057
2020-10-29,1.059,1.059,1.059,1.049,5925.0,星期四,-0.0009,0.0
2020-10-28,1.062,1.06,1.062,1.055,768.0,星期三,-0.0009,-0.0019
2020-10-27,1.066,1.063,1.066,1.061,37590.0,星期二,-0.0009,-0.0028
2020-10-26,1.076,1.067,1.076,1.066,1869.0,星期一,0.0,-0.0084
2020-10-23,1.074,1.076,1.083,1.074,2782.0,星期五,0.0,0.0019
2020-10-22,1.08,1.074,1.08,1.07,2854.0,星期四,0.0028,-0.0056
2020-10-21,1.069,1.077,1.077,1.066,49354.0,星期三,0.0,0.0075
2020-10-20,1.073,1.069,1.073,1.063,1077.0,星期二,0.0,-0.0037
2020-10-19,1.08,1.073,1.092,1.072,21218.0,星期一,0.0037,-0.0065
2020-10-16,1.074,1.076,1.08,1.072,6500.0,星期五,0.0056,0.0019
2020-10-15,1.062,1.068,1.072,1.062,12887.0,星期四,0.0,0.0056
2020-10-14,1.068,1.062,1.068,1.06,6126.0,星期三,0.0,-0.0056
2020-10-13,1.072,1.068,1.072,1.065,10620.0,星期二,0.0019,-0.0037
2020-10-12,1.055,1.07,1.073,1.055,14396.0,星期一,0.0009,0.0142
2020-10-09,1.05,1.054,1.058,1.05,5825.0,星期五,0.0038,0.0038
2020-09-30,1.052,1.046,1.054,1.042,36153.0,星期三,0.0,-0.0057
2020-09-29,1.055,1.052,1.058,1.051,35776.0,星期二,0.0,-0.0028
2020-09-28,1.054,1.055,1.058,1.052,17195.0,星期一,0.0019,0.0009
2020-09-25,1.058,1.052,1.058,1.05,32972.0,星期五,0.0019,-0.0057
2020-09-24,1.072,1.056,1.072,1.054,19439.0,星期四,0.0009,-0.0149
2020-09-23,1.077,1.071,1.077,1.071,46449.0,星期三,0.0019,-0.0056
2020-09-22,1.085,1.075,1.087,1.072,24610.0,星期二,-0.0028,-0.0092
2020-09-21,1.098,1.088,1.099,1.087,15058.0,星期一,0.0009,-0.0091
2020-09-18,1.077,1.097,1.097,1.077,42014.0,星期五,0.0009,0.0186
2020-09-17,1.079,1.076,1.08,1.073,41860.0,星期四,0.0,-0.0028
2020-09-16,1.074,1.079,1.084,1.073,48768.0,星期三,-0.0009,0.0047
2020-09-15,1.074,1.075,1.077,1.07,67075.0,星期二,0.0009,0.0009
2020-09-14,1.073,1.073,1.073,1.07,33545.0,星期一,0.0009,0.0
2020-09-11,1.074,1.072,1.074,1.066,15817.0,星期五,-0.0009,-0.0019
2020-09-10,1.085,1.075,1.086,1.074,20656.0,星期四,0.0046,-0.0092
2020-09-09,1.086,1.08,1.087,1.077,36327.0,星期三,0.0,-0.0055
2020-09-08,1.074,1.086,1.087,1.074,68320.0,星期二,0.0009,0.0112
2020-09-07,1.081,1.073,1.086,1.072,15420.0,星期一,-0.0009,-0.0074
2020-09-04,1.087,1.082,1.087,1.075,23066.0,星期五,0.0,-0.0046
2020-09-03,1.088,1.087,1.094,1.086,30532.0,星期四,0.0009,-0.0009
2020-09-02,1.096,1.087,1.096,1.08,34593.0,星期三,0.0037,-0.0082
2020-09-01,1.088,1.092,1.092,1.088,38889.0,星期二,-0.0018,0.0037
2020-08-31,1.089,1.09,1.101,1.089,17596.0,星期一,0.0,0.0009
2020-08-28,1.072,1.089,1.09,1.072,21455.0,星期五,-0.0028,0.0159
2020-08-27,1.074,1.075,1.075,1.071,28270.0,星期四,-0.0009,0.0009
2020-08-26,1.082,1.075,1.084,1.073,40680.0,星期三,0.0,-0.0065
2020-08-25,1.089,1.082,1.089,1.081,32907.0,星期二,0.0,-0.0064
2020-08-24,1.092,1.089,1.095,1.087,52242.0,星期一,0.0,-0.0027
2020-08-21,1.07,1.092,1.096,1.07,32568.0,星期五,-0.0156,0.0206
2020-08-20,1.101,1.087,1.101,1.086,38200.0,星期四,0.0,-0.0127
2020-08-19,1.098,1.101,1.108,1.096,76550.0,星期三,0.0009,0.0027
2020-08-18,1.103,1.097,1.104,1.095,49858.0,星期二,0.0,-0.0054
2020-08-17,1.083,1.103,1.111,1.083,82275.0,星期一,0.0009,0.0185
2020-08-14,1.073,1.082,1.084,1.07,52888.0,星期五,0.0,0.0084
2020-08-13,1.062,1.073,1.075,1.062,48327.0,星期四,-0.0075,0.0104
2020-08-12,1.068,1.07,1.07,1.059,65875.0,星期三,0.0028,0.0019
2020-08-11,1.069,1.065,1.081,1.065,53944.0,星期二,0.0009,-0.0037
2020-08-10,1.056,1.068,1.07,1.05,61455.0,星期一,0.0,0.0114
2020-08-07,1.055,1.056,1.061,1.048,61531.0,星期五,-0.0047,0.0009
2020-08-06,1.059,1.06,1.064,1.052,64635.0,星期四,0.0,0.0009
2020-08-05,1.071,1.059,1.071,1.054,69361.0,星期三,0.0,-0.0112
2020-08-04,1.058,1.071,1.076,1.055,139417.0,星期二,0.0,0.0123
2020-08-03,1.042,1.058,1.058,1.042,58537.0,星期一,-0.0019,0.0154
2020-07-31,1.045,1.044,1.057,1.038,44012.0,星期五,-0.001,-0.001
2020-07-30,1.06,1.046,1.061,1.045,30395.0,星期四,0.0095,-0.0132
2020-07-29,1.036,1.05,1.05,1.032,31763.0,星期三,-0.001,0.0135
2020-07-28,1.036,1.037,1.042,1.036,66778.0,星期二,0.001,0.001
2020-07-27,1.036,1.035,1.041,1.031,72211.0,星期一,0.001,-0.001
2020-07-24,1.061,1.035,1.062,1.031,62009.0,星期五,0.0009,-0.0245
2020-07-23,1.067,1.06,1.067,1.046,64099.0,星期四,-0.0009,-0.0066
2020-07-22,1.069,1.068,1.08,1.064,77185.0,星期三,-0.0009,-0.0009
2020-07-21,1.075,1.07,1.075,1.065,81038.0,星期二,0.0009,-0.0047
2020-07-20,1.04,1.074,1.075,1.04,74316.0,星期一,0.0,0.0327
2020-07-17,1.037,1.04,1.049,1.034,23922.0,星期五,-0.0029,0.0029
2020-07-16,1.05,1.04,1.068,1.04,76432.0,星期四,0.0029,-0.0095
2020-07-15,1.062,1.047,1.066,1.043,126501.0,星期三,0.0,-0.0141
2020-07-14,1.071,1.062,1.075,1.053,69552.0,星期二,0.0,-0.0084
2020-07-13,1.055,1.071,1.077,1.054,87992.0,星期一,0.0,0.0152
2020-07-10,1.079,1.055,1.079,1.053,46785.0,星期五,-0.0009,-0.0222
2020-07-09,1.074,1.08,1.08,1.064,90814.0,星期四,-0.0009,0.0056
2020-07-08,1.095,1.075,1.095,1.057,175086.0,星期三,0.0272,-0.0183
2020-07-07,1.077,1.066,1.11,1.066,100570.0,星期二,0.0,-0.0102
2020-07-06,1.002,1.077,1.08,1.002,151974.0,星期一,0.0,0.0749
2020-07-03,0.984,1.002,1.007,0.984,101030.0,星期五,0.0,0.0183
2020-07-02,0.961,0.984,0.985,0.961,63747.0,星期四,0.0,0.0239
2020-07-01,0.943,0.961,0.961,0.943,87856.0,星期三,0.0011,0.0191
2020-06-30,0.939,0.942,0.946,0.939,111830.0,星期二,0.0,0.0032
2020-06-29,0.944,0.939,0.946,0.938,63184.0,星期一,-0.0011,-0.0053
2020-06-24,0.939,0.945,0.946,0.939,39007.0,星期三,0.0011,0.0064
2020-06-23,0.938,0.938,0.941,0.937,48405.0,星期二,-0.0021,0.0
2020-06-22,0.94,0.94,0.946,0.94,77453.0,星期一,-0.0032,0.0
2020-06-19,0.948,0.943,0.948,0.939,61309.0,星期五,0.0085,-0.0053
2020-06-18,0.931,0.94,0.942,0.931,57656.0,星期四,-0.0053,0.0097
2020-06-17,0.932,0.936,0.936,0.931,113070.0,星期三,0.0,0.0043
2020-06-16,0.923,0.932,0.933,0.923,60741.0,星期二,0.0,0.0098
2020-06-15,0.934,0.923,0.934,0.923,61056.0,星期一,0.0,-0.0118
2020-06-12,0.934,0.934,0.935,0.927,54996.0,星期五,-0.0021,0.0
2020-06-11,0.94,0.936,0.942,0.936,67328.0,星期四,-0.0032,-0.0043
2020-06-10,0.946,0.943,0.946,0.941,65862.0,星期三,0.0,-0.0032
2020-06-09,0.943,0.946,0.946,0.941,106052.0,星期二,0.0011,0.0032
2020-06-08,0.94,0.942,0.943,0.94,122696.0,星期一,0.0021,0.0021
2020-06-05,0.936,0.938,0.938,0.934,49440.0,星期五,-0.0032,0.0021
2020-06-04,0.945,0.939,0.945,0.938,53115.0,星期四,0.0011,-0.0063
2020-06-03,0.946,0.944,0.952,0.943,29088.0,星期三,0.0042,-0.0021
2020-06-02,0.936,0.942,0.943,0.936,44743.0,星期二,-0.0011,0.0064
2020-06-01,0.93,0.937,0.938,0.93,39903.0,星期一,0.0043,0.0075
2020-05-29,0.928,0.926,0.929,0.925,56099.0,星期五,-0.0043,-0.0022
2020-05-28,0.93,0.932,0.938,0.928,68868.0,星期四,0.0032,0.0022
2020-05-27,0.924,0.927,0.93,0.924,109093.0,星期三,-0.0011,0.0032
2020-05-26,0.925,0.925,0.926,0.922,50867.0,星期二,0.0022,0.0
2020-05-25,0.921,0.923,0.923,0.917,66483.0,星期一,0.0,0.0022
2020-05-22,0.932,0.921,0.932,0.92,38088.0,星期五,-0.0021,-0.0118
2020-05-21,0.939,0.934,0.939,0.933,45284.0,星期四,0.0,-0.0053
2020-05-20,0.94,0.939,0.94,0.935,45974.0,星期三,0.0,-0.0011
2020-05-19,0.938,0.94,0.944,0.938,14212.0,星期二,0.0032,0.0021
2020-05-18,0.933,0.935,0.94,0.933,57028.0,星期一,-0.0011,0.0021
2020-05-15,0.934,0.934,0.939,0.933,45811.0,星期五,0.0,0.0
2020-05-14,0.942,0.934,0.942,0.934,34444.0,星期四,-0.0021,-0.0085
2020-05-13,0.94,0.944,0.944,0.939,51559.0,星期三,-0.0032,0.0043
2020-05-12,0.948,0.943,0.949,0.943,45221.0,星期二,0.0,-0.0053
2020-05-11,0.945,0.948,0.953,0.945,52721.0,星期一,0.0,0.0032
2020-05-08,0.943,0.945,0.947,0.942,8883.0,星期五,0.0011,0.0021
2020-05-07,0.945,0.942,0.945,0.939,38935.0,星期四,-0.0021,-0.0032
2020-05-06,0.949,0.947,0.949,0.94,40030.0,星期三,-0.0011,-0.0021
2020-04-30,0.944,0.95,0.95,0.944,25264.0,星期四,0.0043,0.0064
2020-04-29,0.93,0.94,0.94,0.93,29455.0,星期三,0.0043,0.0108
2020-04-28,0.931,0.926,0.931,0.917,35467.0,星期二,0.0,-0.0054
2020-04-27,0.927,0.931,0.936,0.927,35255.0,星期一,0.0022,0.0043
2020-04-24,0.927,0.925,0.928,0.924,57126.0,星期五,-0.0032,-0.0022
2020-04-23,0.933,0.93,0.933,0.93,12380.0,星期四,0.0021,-0.0032
2020-04-22,0.927,0.931,0.932,0.927,28156.0,星期三,-0.0064,0.0043
2020-04-21,0.937,0.933,0.937,0.928,55553.0,星期二,-0.0032,-0.0043
2020-04-20,0.939,0.94,0.941,0.938,42781.0,星期一,-0.0021,0.0011
2020-04-17,0.943,0.941,0.946,0.938,56710.0,星期五,0.0075,-0.0021
2020-04-16,0.933,0.936,0.938,0.933,32054.0,星期四,-0.0021,0.0032
2020-04-15,0.937,0.935,0.938,0.935,15538.0,星期三,0.0,-0.0021
2020-04-14,0.933,0.937,0.937,0.933,26650.0,星期二,0.0032,0.0043
2020-04-13,0.935,0.93,0.935,0.929,50212.0,星期一,0.0011,-0.0053
2020-04-10,0.935,0.934,0.94,0.931,26970.0,星期五,-0.0043,-0.0011
2020-04-09,0.942,0.939,0.943,0.938,34900.0,星期四,0.0021,-0.0032
2020-04-08,0.935,0.94,0.94,0.934,36888.0,星期三,-0.0064,0.0053
2020-04-07,0.932,0.941,0.945,0.932,21138.0,星期二,0.0022,0.0097
2020-04-03,0.935,0.93,0.935,0.927,22326.0,星期五,-0.0011,-0.0053
2020-04-02,0.928,0.936,0.937,0.924,37493.0,星期四,0.0,0.0086
2020-04-01,0.935,0.928,0.94,0.928,26509.0,星期三,0.0,-0.0075
2020-03-31,0.945,0.935,0.945,0.935,38011.0,星期二,0.0043,-0.0106
2020-03-30,0.934,0.941,0.941,0.934,10843.0,星期一,-0.0095,0.0075
2020-03-27,0.932,0.943,0.952,0.932,16149.0,星期五,0.0,0.0118
2020-03-26,0.933,0.932,0.94,0.931,31520.0,星期四,-0.0053,-0.0011
2020-03-25,0.928,0.938,0.941,0.928,49373.0,星期三,0.0,0.0108
2020-03-24,0.92,0.928,0.93,0.916,10930.0,星期二,0.0099,0.0087
2020-03-23,0.931,0.911,0.931,0.909,34399.0,星期一,-0.0053,-0.0215
2020-03-20,0.927,0.936,0.936,0.92,41137.0,星期五,0.0098,0.0097
2020-03-19,0.934,0.918,0.934,0.906,44382.0,星期四,0.0011,-0.0171
2020-03-18,0.95,0.933,0.955,0.933,14411.0,星期三,0.0064,-0.0179
2020-03-17,0.936,0.944,0.958,0.935,38096.0,星期二,-0.0116,0.0085
2020-03-16,0.966,0.947,0.968,0.946,33768.0,星期一,0.0,-0.0197
2020-03-13,0.963,0.966,0.97,0.942,43322.0,星期五,-0.0103,0.0031
2020-03-12,0.979,0.973,0.98,0.971,50572.0,星期四,-0.0071,-0.0061
2020-03-11,0.994,0.986,0.995,0.986,36046.0,星期三,0.001,-0.008
2020-03-10,0.972,0.993,0.996,0.972,34243.0,星期二,-0.0112,0.0216
2020-03-09,0.994,0.983,0.994,0.98,40085.0,星期一,-0.009,-0.0111
2020-03-06,1.009,1.003,1.012,1.003,25319.0,星期五,-0.0098,-0.0059
2020-03-05,1.004,1.019,1.022,1.004,79700.0,星期四,0.0,0.0149
2020-03-04,0.998,1.004,1.007,0.996,60622.0,星期三,-0.001,0.006
2020-03-03,1.007,0.999,1.01,0.997,59862.0,星期二,0.008,-0.0079
2020-03-02,0.975,0.999,1.002,0.975,58907.0,星期一,0.0072,0.0246
2020-02-28,0.986,0.968,0.986,0.965,87579.0,星期五,0.0,-0.0183
2020-02-27,0.983,0.986,0.992,0.983,89628.0,星期四,0.0,0.0031
2020-02-26,0.963,0.983,0.99,0.963,77410.0,星期三,-0.0072,0.0208
2020-02-25,0.962,0.97,0.976,0.962,30936.0,星期二,-0.0234,0.0083
2020-02-24,0.992,0.985,0.994,0.984,38840.0,星期一,0.0,-0.0071
2020-02-21,0.991,0.992,0.998,0.99,81368.0,星期五,-0.003,0.001
2020-02-20,0.987,0.994,0.995,0.98,60664.0,星期四,0.0051,0.0071
2020-02-19,0.984,0.982,0.989,0.982,73087.0,星期三,-0.001,-0.002
2020-02-18,0.987,0.985,0.991,0.983,72356.0,星期二,-0.005,-0.002
2020-02-17,0.975,0.992,0.992,0.975,75005.0,星期一,-0.001,0.0174
2020-02-14,0.971,0.976,0.977,0.971,20100.0,星期五,0.001,0.0051
2020-02-13,0.974,0.97,0.979,0.969,40241.0,星期四,0.001,-0.0041
2020-02-12,0.968,0.973,0.975,0.967,41233.0,星期三,0.0,0.0052
2020-02-11,0.962,0.968,0.974,0.962,35459.0,星期二,0.0,0.0062
2020-02-10,0.959,0.962,0.963,0.952,21865.0,星期一,0.0,0.0031
2020-02-07,0.955,0.959,0.959,0.948,22440.0,星期五,-0.0021,0.0042
2020-02-06,0.95,0.957,0.961,0.947,40579.0,星期四,0.0021,0.0074
2020-02-05,0.948,0.948,0.959,0.938,41508.0,星期三,0.0,0.0
2020-02-04,0.906,0.948,0.948,0.906,35525.0,星期二,0.0,0.0464
2020-02-03,0.906,0.906,0.938,0.906,51167.0,星期一,-0.1003,0.0
2020-01-23,1.017,1.007,1.018,1.002,85809.0,星期四,-0.0078,-0.0098
2020-01-22,1.025,1.025,1.027,1.014,77355.0,星期三,-0.001,0.0
2020-01-21,1.036,1.026,1.036,1.024,69817.0,星期二,-0.0038,-0.0097
2020-01-20,1.045,1.04,1.045,1.035,36843.0,星期一,0.0097,-0.0048
2020-01-17,1.037,1.035,1.042,1.033,41881.0,星期五,0.0,-0.0019
2020-01-16,1.044,1.037,1.045,1.036,56882.0,星期四,0.0,-0.0067
2020-01-15,1.053,1.044,1.054,1.043,46516.0,星期三,0.0,-0.0085
2020-01-14,1.052,1.053,1.058,1.052,86714.0,星期二,-0.0009,0.001
2020-01-13,1.049,1.053,1.053,1.045,81830.0,星期一,-0.0038,0.0038
2020-01-10,1.053,1.053,1.055,1.049,54525.0,星期五,0.0,0.0
2020-01-09,1.055,1.053,1.056,1.05,45680.0,星期四,0.0057,-0.0019
2020-01-08,1.058,1.049,1.058,1.048,73733.0,星期三,-0.0028,-0.0085
2020-01-07,1.058,1.061,1.063,1.058,80091.0,星期二,0.0009,0.0028
2020-01-06,1.058,1.057,1.063,1.053,78177.0,星期一,-0.0009,-0.0009
2020-01-03,1.057,1.059,1.062,1.057,101768.0,星期五,0.0,0.0019
2020-01-02,1.048,1.057,1.065,1.048,124256.0,星期四,0.001,0.0086
2019-12-31,1.036,1.047,1.048,1.036,79722.0,星期二,-0.0058,0.0106
2019-12-30,1.032,1.042,1.043,1.031,133756.0,星期一,-0.0029,0.0097
2019-12-27,1.035,1.035,1.042,1.035,114690.0,星期五,0.0,0.0
2019-12-26,1.026,1.035,1.035,1.026,48588.0,星期四,0.0,0.0088
2019-12-25,1.029,1.026,1.029,1.024,29785.0,星期三,-0.001,-0.0029
2019-12-24,1.025,1.03,1.03,1.025,35979.0,星期二,-0.001,0.0049
2019-12-23,1.037,1.026,1.04,1.025,94097.0,星期一,0.001,-0.0106
2019-12-20,1.037,1.036,1.041,1.036,70023.0,星期五,-0.001,-0.001
2019-12-19,1.037,1.038,1.041,1.036,98689.0,星期四,0.0019,0.001
2019-12-18,1.035,1.035,1.042,1.034,111358.0,星期三,-0.001,0.0
2019-12-17,1.028,1.036,1.044,1.025,197393.0,星期二,-0.001,0.0078
2019-12-16,1.026,1.029,1.029,1.023,72111.0,星期一,-0.0029,0.0029
2019-12-13,1.014,1.029,1.029,1.014,182011.0,星期五,0.001,0.0148
2019-12-12,1.017,1.013,1.017,1.012,38145.0,星期四,0.001,-0.0039
2019-12-11,1.01,1.016,1.017,1.01,88821.0,星期三,0.0,0.0059
2019-12-10,1.011,1.01,1.012,1.008,68145.0,星期二,-0.001,-0.001
2019-12-09,1.005,1.012,1.012,1.005,74921.0,星期一,-0.002,0.007
2019-12-06,1.007,1.007,1.008,1.003,43576.0,星期五,0.0,0.0
2019-12-05,1.004,1.007,1.009,1.004,36689.0,星期四,0.0,0.003
2019-12-04,1.006,1.004,1.007,1.002,30047.0,星期三,-0.003,-0.002
2019-12-03,1.004,1.009,1.009,1.003,33179.0,星期二,-0.003,0.005
2019-12-02,1.004,1.007,1.011,1.004,58175.0,星期一,0.0,0.003
2019-11-29,1.005,1.004,1.009,1.002,73231.0,星期五,-0.001,-0.001
2019-11-28,1.01,1.006,1.013,1.005,49911.0,星期四,0.0,-0.004
2019-11-27,1.016,1.01,1.016,1.01,53235.0,星期三,0.0,-0.0059
2019-11-26,1.015,1.016,1.017,1.012,61623.0,星期二,-0.001,0.001
2019-11-25,1.002,1.016,1.016,1.002,114021.0,星期一,0.004,0.014
2019-11-22,1.0,0.998,1.006,0.997,57915.0,星期五,0.0,-0.002
2019-11-21,0.996,1.0,1.002,0.995,48574.0,星期四,-0.004,0.004
2019-11-20,1.005,1.0,1.007,0.998,61819.0,星期三,-0.002,-0.005
2019-11-19,1.006,1.007,1.009,1.005,145797.0,星期二,0.002,0.001
2019-11-18,0.981,1.004,1.005,0.981,65788.0,星期一,-0.0131,0.0234
2019-11-15,1.0,0.994,1.0,0.993,54033.0,星期五,0.0,-0.006
2019-11-14,1.002,1.0,1.002,0.998,37638.0,星期四,0.001,-0.002
2019-11-13,1.003,1.001,1.003,0.999,64533.0,星期三,-0.001,-0.002
2019-11-12,1.004,1.004,1.008,1.002,53172.0,星期二,-0.002,0.0
2019-11-11,1.021,1.006,1.021,1.005,60874.0,星期一,0.001,-0.0147
2019-11-08,1.029,1.02,1.033,1.02,68417.0,星期五,0.001,-0.0087
2019-11-07,1.026,1.028,1.031,1.025,104277.0,星期四,0.0,0.0019
2019-11-06,1.024,1.026,1.032,1.024,143572.0,星期三,-0.0029,0.002
2019-11-05,1.019,1.027,1.032,1.019,233894.0,星期二,0.0,0.0079
2019-11-04,1.016,1.019,1.021,1.016,227014.0,星期一,0.0,0.003
2019-11-01,1.004,1.016,1.017,1.002,246086.0,星期五,0.0,0.012
2019-10-31,1.008,1.004,1.008,1.003,48470.0,星期四,-0.001,-0.004
2019-10-30,1.011,1.009,1.011,1.006,65073.0,星期三,0.001,-0.002
2019-10-29,1.015,1.01,1.015,1.009,86927.0,星期二,-0.001,-0.0049
2019-10-28,1.015,1.016,1.02,1.012,92455.0,星期一,0.002,0.001
2019-10-25,1.013,1.013,1.015,1.007,69792.0,星期五,0.0,0.0
2019-10-24,1.013,1.013,1.02,1.012,83720.0,星期四,0.002,0.0
2019-10-23,1.015,1.011,1.016,1.01,49006.0,星期三,0.0,-0.0039
2019-10-22,1.017,1.015,1.018,1.008,44151.0,星期二,0.002,-0.002
2019-10-21,1.011,1.015,1.016,1.008,43989.0,星期一,0.0,0.004
2019-10-18,1.026,1.011,1.027,1.01,80202.0,星期五,0.0029,-0.0146
2019-10-17,1.025,1.023,1.028,1.019,82988.0,星期四,0.0,-0.002
2019-10-16,1.028,1.025,1.036,1.022,131257.0,星期三,0.001,-0.0029
2019-10-15,1.03,1.027,1.031,1.025,142511.0,星期二,0.0,-0.0029
2019-10-14,1.021,1.03,1.042,1.021,833494.0,星期一,0.0039,0.0088
2019-10-11,1.007,1.017,1.019,1.007,520164.0,星期五,-0.001,0.0099
2019-10-10,1.004,1.008,1.008,1.004,132249.0,星期四,-0.001,0.004
2019-10-09,1.0,1.005,1.007,0.994,140854.0,星期三,0.0,0.005
2019-10-08,0.992,1.0,1.002,0.992,122623.0,星期二,-0.002,0.0081
2019-09-30,0.996,0.994,1.001,0.992,58370.0,星期一,-0.003,-0.002
2019-09-27,1.001,0.999,1.001,0.996,64713.0,星期五,0.001,-0.002
2019-09-26,1.001,1.0,1.007,0.999,99758.0,星期四,0.0,-0.001
2019-09-25,1.002,1.001,1.004,0.998,92598.0,星期三,-0.003,-0.001
2019-09-24,1.003,1.005,1.009,1.002,181016.0,星期二,-0.001,0.002
2019-09-23,1.011,1.004,1.011,0.999,98901.0,星期一,-0.002,-0.0069
2019-09-20,1.012,1.013,1.014,1.011,468939.0,星期五,0.001,0.001
2019-09-19,1.012,1.011,1.013,1.006,1585721.0,星期四,,-0.001
